label,R,G,B,dissimilarity 0,dissimilarity 45,dissimilarity 90,dissimilarity 135,correlation 0,correlation 45,correlation 90,correlation 135,homogeneity 0,homogeneity 45,homogeneity 90,homogeneity 135,contrast 0,contrast 45,contrast 90,contrast 135,ASM 0,ASM 45,ASM 90,ASM 135,energy 0,energy 45,energy 90,energy 135
1,34.46408711581518,57.01123821154759,8.984718094850397,8.143447522860557,8.670893496488754,8.459140203243514,8.34059537212745,0.9041792345954619,0.8935757104127175,0.8958966100633149,0.9005715647958443,0.5020132124921073,0.49671903002239204,0.5000695472333561,0.49843025277966013,375.96242937081337,417.50362554064486,408.6703070507286,390.05881402219853,0.19519988246704262,0.19244952322089087,0.19469256406379729,0.1927945407524768,0.44181430767579566,0.4386906919697418,0.4412398033539101,0.4390837514102256
1,19.749798662298662,37.80778278278278,4.636188461188461,6.9493434660869235,7.156657028775585,6.9089319232712745,7.072362201110382,0.8963945427405924,0.8925573877461246,0.8994467359675962,0.8950118688155269,0.5890245072427879,0.584894416840458,0.5883860979619155,0.5852804881837463,245.95152619847875,255.32259167468297,238.7606532985635,249.48985497267896,0.29493051419580174,0.2922409564449738,0.2950797951196758,0.2923775659919353,0.5430750539251474,0.5405931524214618,0.5432124769550822,0.5407194891918871
1,34.19824004342221,56.737206051970965,8.713196281972996,8.113368363586599,8.666689951211309,8.427943735794695,8.30782305936938,0.9045178052322844,0.8928534595942523,0.8962401205285924,0.9010253975399367,0.5032929023521677,0.49803623290378823,0.5012305725658692,0.49977858553363524,371.13396615257693,416.4214845130059,403.52212280661485,384.66151804275,0.19641540316372924,0.1938291491804867,0.19606543466770673,0.1941264849683283,0.4431877741586846,0.44026031978874347,0.44279276718088645,0.44059787217862084
1,31.07501251251251,50.035964373464374,17.218789243789242,7.512055311123953,8.017651108356318,7.635653298540823,7.685896553305759,0.9368091887178153,0.9247523016231812,0.9329086537210846,0.9346230795859792,0.5435428080483612,0.5376104578567661,0.5421587536151389,0.539623577437463,317.3967247585225,378.83701408963816,339.02405919521857,329.14225756112285,0.22566141530050188,0.22312723018424518,0.22509766085204133,0.22359142779270383,0.47503833034872234,0.4723634513637197,0.4744445814339556,0.472854552471163
1,40.1682090982229,70.11209693322839,11.260817817396813,9.66605645135797,9.848006871577889,9.810056248661992,10.387069578267662,0.8767442438452308,0.876422412821257,0.875623697692079,0.8560475883496583,0.37602721288626834,0.3724013175238015,0.37389019459088924,0.3664272823187245,454.8040752075652,454.8456099319804,459.0071162812762,529.8381686605145,0.08790109700714105,0.08579819547977867,0.08763193258436451,0.08530901771852323,0.29648119165832604,0.2929132900361106,0.29602691192586617,0.29207707496228325
1,34.39853022531775,63.963177100694054,5.47452501077637,8.501526709510573,8.809017360614153,8.66629717983855,8.950241016767029,0.9090178572610216,0.9019000797258664,0.9049685627635871,0.8974578970954264,0.40439418609662703,0.40051456459930174,0.40359748915683846,0.3979872596659845,283.67317172582705,305.2315736375159,296.3274209585504,319.0531383328358,0.10975678362455965,0.10745693892392974,0.10965100839363562,0.10715323486223989,0.33129561365125204,0.32780625211232584,0.33113593642737665,0.3273426871983547
1,32.387016036023574,64.21369650998255,6.385507576876274,10.305734305735625,10.570014154965433,10.731122147379487,10.882965474363044,0.8396059223514504,0.8353916670701029,0.8308894148975856,0.8203986002878666,0.3292208062705044,0.3240250194544491,0.3260761372835986,0.3224207315719574,375.3322758849517,383.47948853150706,395.5461069547793,418.40805793524675,0.06517173027346433,0.06319713109386184,0.06479048926005854,0.06284216885786183,0.2552875442975319,0.2513903957868356,0.2545397596841376,0.2506834036346679
1,31.563982406917603,63.321604611735324,5.620700097012429,9.925250438409615,10.228390057131541,10.275150702778518,10.322992083426884,0.8566832916201482,0.8518437413461962,0.8527802729265692,0.8479777727475077,0.33451664521246866,0.3289602770948707,0.3317711821012366,0.32816443106157106,326.2127559891146,335.7522541166027,334.9160281487805,344.51332626534213,0.06792481689504863,0.06596616233146962,0.06759196949179075,0.06561031823197809,0.2606238993167139,0.2568387866570577,0.2599845562563106,0.25614511166910464
1,32.917150614466586,57.02386133664369,6.91765051318599,7.872185148056295,8.202912192692585,8.004230593556612,8.272271228475038,0.8747664724453638,0.8665417248366838,0.8728659648974567,0.8628702919251936,0.38312221915394085,0.3757890251200106,0.3796876595678051,0.3749245236279755,261.8577760986533,277.8822591099731,265.5891157685296,285.5267912333396,0.08211925061769257,0.07984769116049334,0.08190983509080951,0.07969613711456797,0.28656456622843757,0.282573337667398,0.28619894320351624,0.28230504266585105
1,24.463261826098872,54.83083007262374,5.727131895068589,8.330361892417633,8.507976135606496,8.089133841786822,8.263698980897566,0.8986668380729221,0.8948332075736496,0.9032057584857448,0.8992383421529401,0.4804176048586953,0.4773147180428086,0.48327594054944706,0.4794002110474399,294.29504392737635,305.2875352076324,281.0960280874634,292.4999180621409,0.17508806011892597,0.17274196087371627,0.17564332001366445,0.172906039600337,0.41843525200313364,0.41562237773454436,0.41909822239382555,0.41581972007149565
1,24.50568403850936,54.8739018894353,5.757002278690438,8.377813949868356,8.553931735544678,8.134671342807936,8.3067073795251,0.8966049663128248,0.892819723637563,0.9012893597773804,0.8972890786543015,0.48009024839369,0.47689443192708336,0.48321529175563255,0.47926051386524005,300.9144873052272,311.78566216005163,287.2626756105397,298.78438188146555,0.17486883964160577,0.17266134886129333,0.17562348571301453,0.1729785471885072,0.4181732172695972,0.41552538894909097,0.41907455865635,0.41590689726008057
1,28.507161220043574,46.82184095860566,3.5902636165577344,5.77629986320045,5.9825748987136995,5.90045693622628,6.134953905102804,0.9415585861669078,0.9373632825908662,0.9390623858905898,0.9339473745814976,0.6007015774278428,0.5967516895486632,0.5989445165596576,0.5955782142525592,221.7458998631747,237.90285138018893,231.2666042077616,250.87693892973058,0.2933081263130389,0.2901196093803639,0.2925629287637588,0.28992099653241316,0.5415792890362766,0.5386275237864881,0.5408908658535091,0.5384431228388131
1,29.43766159987717,56.222829725165056,7.915042223245816,10.06073633378276,10.413565199052716,9.795540624033693,9.982554244669135,0.8614022686394567,0.8497898601532401,0.8632595096003589,0.8628567436433389,0.42783635365913397,0.4234166391033342,0.4319600989948928,0.4256432237612041,404.53830094644263,437.97820288562707,399.1513083101287,399.87817745359865,0.1281214308762268,0.12565953421644485,0.12881982237184378,0.12618442653809306,0.35794054097884304,0.35448488573766423,0.3589147842759389,0.3552244734503706
1,50.31114028027951,73.99005001341357,21.539854239323446,8.977518374406383,9.28861652223941,9.144860143456551,9.523128940050858,0.9100231060317908,0.9065005229043017,0.9037384745638135,0.8961160316298954,0.4369803959367188,0.43406552785726,0.43795885994776185,0.42995567087817493,467.1832956443479,484.72098800487964,500.1296340335105,538.5563786061994,0.11833634904544618,0.1158635628256387,0.11780195639465238,0.11560475371213197,0.34400050733312326,0.34038737171880906,0.3432228960816169,0.34000699068126816
1,29.4204744357439,56.236867802855826,7.922693075387686,10.06861734595178,10.416724043818089,9.802306147666563,9.987735246319422,0.8611793058742439,0.8496140417579165,0.8630215972961721,0.8626505905671847,0.42770872136233007,0.4234368786056636,0.43163514037643474,0.4258131318648937,405.283031871686,438.59379613435755,399.9374065492366,400.5732954334359,0.12836583132964752,0.12568296635818801,0.1287445679774453,0.12623208101272432,0.35828177644090065,0.354517935171393,0.3588099329414464,0.35529154368310584
1,26.402910706565816,54.725549780845,4.792926137349755,7.904738101586273,8.094541438084876,8.055221127586874,8.198408397591876,0.916285934697726,0.9130633009751823,0.9148370486091385,0.9108887835212655,0.4942497888887964,0.4896910270294222,0.49198428061321897,0.48910530299417376,270.30387610925203,280.6421317208175,274.9379552708785,287.6617358762605,0.19011083138458074,0.18736882345171094,0.1900544232569005,0.1872080245101381,0.43601700813681654,0.43286120575966486,0.43595231764139125,0.4326754262841121
1,26.334568742722446,54.655237157580174,4.747679860144715,7.848296009953502,8.040542349757766,7.995515011129851,8.144055478166543,0.9183981728565541,0.9152752910762622,0.917258024596149,0.9131350403453043,0.49421878370969613,0.4897443675122138,0.49206863343437895,0.48897950224712,262.76505154183076,272.76457003147993,266.4038189926737,279.6549397690367,0.18950773376358152,0.18678113214938957,0.18928913060297722,0.1865806566570366,0.4353248600339539,0.43218182764825913,0.4350737070922319,0.43194983118070157
1,41.1594595639745,69.5516757740806,18.1719724665574,8.905533717446911,9.42244308197006,8.554976636106257,8.991704491860853,0.9019838828371981,0.8955911407794988,0.9132657000949058,0.8992165878969061,0.4832961260915509,0.47602507055750937,0.48347053564972864,0.4818513421385405,572.6508564728911,608.2362349838539,505.94673392098366,587.1161085761008,0.16470388830638394,0.16243160341275273,0.16480058967560238,0.16277394243705973,0.40583726825709826,0.4030280429607259,0.4059563888838337,0.40345252810840054
1,40.340644549086335,68.65093716628046,17.214092148982814,8.912732815203954,9.36159733966994,8.555163786789398,9.017481698213667,0.8995063202393224,0.8952403575968297,0.9113593397061183,0.8960427215587503,0.4863287907560784,0.4788703386170022,0.4865105388573771,0.4847889339054639,577.5051678544457,600.2141076208459,508.4152020252685,595.6170112739866,0.16798657481505003,0.16559761983283036,0.16812393555299363,0.16596916110835896,0.4098616532624759,0.40693687450614546,0.41002918865977533,0.4073931284500991
1,18.766224521497172,37.93780206124296,3.316079315980711,5.532246000555027,5.586140223132449,5.570404471766804,5.81605565509486,0.9329879188178913,0.9323888096544978,0.9338759232055684,0.9269621000056634,0.6186452132128185,0.6158506820861414,0.6172717123466833,0.6136989754746138,171.0307670378848,172.8390289265536,168.87202290287175,186.71169144254037,0.3252917356858148,0.3227782371016539,0.32521189797351785,0.32217889001145333,0.5703435242779695,0.5681357558732366,0.5702735290836476,0.5676080425887686
1,18.79178069239393,37.99124714654276,3.3632866424432346,5.5856053972956445,5.645179676399045,5.621794418453823,5.865582908583486,0.9308449444416111,0.929936443033474,0.9317327800464639,0.924887485296007,0.6173235604526537,0.615136085237492,0.6165898146183776,0.6129863171603316,176.988864680637,179.60221387720193,174.82536040695243,192.54480524259134,0.32365560131017634,0.3213025636253082,0.32401937049293633,0.320911381101263,0.568907374983113,0.5668355701835481,0.5692269938196328,0.5664904068925289
1,38.180280253498985,70.22682139691989,5.8360801297593765,8.949912469699903,9.488956810586679,9.17703472473569,9.186752565649554,0.9140162668095276,0.9070320559362688,0.9153432388636425,0.9112284468246817,0.42657348392708855,0.41967031592071324,0.42406715430100533,0.4218602025957788,355.85930177749367,384.18695869619165,350.41513348874525,366.8455119302405,0.12648640740405198,0.12419447769068227,0.1269980989815749,0.12430987800197447,0.3556492758379412,0.3524123688105772,0.3563679264209602,0.3525760598820834
1,30.540982887107003,56.68875288801305,3.937849676089517,6.101897158677292,6.593809850498148,6.287725939757859,6.517326987393277,0.9078777064288656,0.8949546878018222,0.9018477462077601,0.8973240476162682,0.5036646977325163,0.49542298605312324,0.5037510105345379,0.4959837763053518,269.22817883022987,306.67647571674365,286.83371289649915,299.7592044707115,0.14397280969336354,0.1409183095759544,0.14374206146410393,0.14096041044462096,0.37943749115416037,0.3753908757228316,0.3791333030269221,0.37544694757664626
1,38.05471464642242,70.08090396802837,5.771865959901677,8.878245354159876,9.434526524943868,9.120635428149283,9.132467585130568,0.916268966875216,0.9088128982930788,0.9171189516554172,0.912941109438763,0.42716828570581333,0.41975161434251257,0.4243043072152763,0.42221467838937016,345.82320562882575,376.06097408501347,342.35923230320884,359.03598836208647,0.1262870201661846,0.12406962289655486,0.1269834587678773,0.1241839932171767,0.3553688508665111,0.35223518123060177,0.3563473849600658,0.3523974932050123
1,48.93798304781615,72.58802169164143,20.122250220365615,8.889989826374165,9.168255053911242,9.028430855850651,9.408794094684406,0.9100703409182732,0.9073265243756825,0.9045029896607587,0.8967523640278827,0.44185084133480923,0.43859191344726406,0.4430810130468405,0.43542598112049014,452.7870417247662,465.9078552578556,481.04962143612545,519.0685286394122,0.12290219302594871,0.12032775186161637,0.12236662097776757,0.1200873161121608,0.35057409063698464,0.3468829079986738,0.34980940664562976,0.3465361685483361
1,36.44290456552894,56.92962767979878,3.543925301980053,6.447267940401891,6.764376591082835,6.637174562526036,6.781272334217959,0.9395225004370242,0.9348766568492247,0.9369641355724093,0.9324896119821945,0.49773623414627227,0.49252739861685296,0.49655309581127977,0.49285998236593354,213.97659474325198,230.28116601597324,223.01229340513507,238.72194083981225,0.18034138493201293,0.1776710594507357,0.17995091832661522,0.17766621755784678,0.4246662041321548,0.42151044998995657,0.424206221461467,0.4215047064480381
1,15.974724845476896,38.8578601900998,6.3126475341406065,8.77373215772196,8.820611200759089,9.012738706249523,9.274031625997559,0.8029841442119018,0.8058725886096958,0.7876687683214841,0.7757388041897245,0.4814833957030414,0.4779434125448979,0.48099913478797074,0.47641971427281565,341.18527144930636,336.0721385838726,367.51521863113794,388.23955430900355,0.17532358590179167,0.17288736468074295,0.17564100811917452,0.17266237815809368,0.41871659377410836,0.41579726391685523,0.4190954642073504,0.4155266274958726
1,16.28482495040708,39.19008601211676,6.6652527898409195,8.816431852514985,8.92427367115155,9.133509039629514,9.379086494207456,0.8067769953938625,0.8043758359679795,0.7855491849362527,0.7753159555829209,0.47985344233777716,0.4758656896292033,0.4787080742635439,0.47423414840283246,346.9647223849693,351.1839806178975,384.8862347992245,403.3522008395478,0.17325098223114901,0.1709246717937385,0.1735303601487164,0.17068834322577311,0.4162342876687948,0.41343037115545644,0.4165697542413712,0.41314445806009925
1,25.96268310502283,50.21850593607306,3.4341680365296803,6.228110344827567,6.652567596511453,6.559836351935351,6.503297660987476,0.9251914895112703,0.9189463591536348,0.9242152445202819,0.9209837392624078,0.4677468275721237,0.45990426267801177,0.4633691602416949,0.46171394966372475,167.3351117241381,181.09792169810444,169.5282688241271,176.54580905325267,0.14812614233424495,0.1458601494727531,0.14868325808906255,0.14556486885696057,0.38487159200731474,0.38191641686729455,0.3855946810953991,0.38152964348391144
1,25.998953424657536,50.26657534246576,3.463917808219178,6.246966436781631,6.668156707213932,6.588699089822617,6.520581762051761,0.9245679103269251,0.918421449371444,0.9233238627916057,0.9202378750386551,0.4669795690517371,0.45928358683701126,0.4624819949123976,0.4609984425899865,168.87131218390934,182.4224754244992,171.6668198951938,178.3606618217371,0.14738919371709922,0.14511256477130507,0.1481126075317424,0.14490832916793245,0.383913002797638,0.38093643140464406,0.38485400807545506,0.3806682665628072
1,57.59800124519031,80.58048584858037,37.28962453585812,7.463566457626773,8.008284492764684,7.730777970188183,7.9641920779172715,0.9528604515820194,0.9462603532858,0.9478336367239092,0.9475442916064978,0.49703600160549544,0.4879635130318755,0.4938828006311092,0.4882795322694609,386.72271960808183,439.8228488914503,427.44735367622627,429.3146776521779,0.12425938358702435,0.12196092480282134,0.12364968148485066,0.12183636317259179,0.35250444477626713,0.3492290434697855,0.3516385665493059,0.34905065989422196
1,57.55494121804292,80.55394001772433,37.23802485893452,7.466999593948324,8.013281802994337,7.734845437646204,7.968371131684224,0.9528610319645878,0.9462369196649776,0.947817139480317,0.9475178504673235,0.49658909254938266,0.487852204006356,0.4938829579623627,0.4880180389138817,386.5801788898141,439.8580820520684,427.42990393033045,429.37825532991457,0.12498898557851526,0.12262517279991016,0.12437836901546127,0.12260364912655838,0.3535378135058756,0.350178772628939,0.35267317592278163,0.3501480388729293
1,48.50914706968059,78.52526436931362,13.257737461909828,8.80356596265607,9.18960534402463,9.085829928538933,9.41425707512581,0.9211209388679575,0.9151218978672574,0.9160930349855311,0.9075569220568748,0.38050605305245594,0.37551574570298607,0.37577997080011516,0.3699474480369381,344.07953634465724,368.8927134244216,365.79990928642485,401.77121074655406,0.08331268458998839,0.08142618617780464,0.08385707481399537,0.08133612605515264,0.2886393677064658,0.2853527399164141,0.2895808605795545,0.2851948913552847
1,30.543475921899066,56.6873768347377,3.950530035335689,6.104843579111035,6.59655261126778,6.291407630857641,6.518872023553693,0.9078780715576714,0.8949780844280913,0.9018255809074507,0.8973364378313424,0.503202578708614,0.4950695459392914,0.5031279174098361,0.49551874064328927,269.24651100531077,306.6301975244823,286.91795597072206,299.74456450272305,0.14387693795279627,0.14064076064900488,0.14351521593898775,0.1407992839189026,0.3793111360780175,0.37502101360991075,0.3788340216229104,0.3752323066033928
1,52.403084489609796,82.97937702212668,17.310471992414538,9.57878204847764,10.151237232578241,10.00300556849641,10.283451374051477,0.9037051476765966,0.8907129177050499,0.894419054203816,0.8892411322123673,0.36671356305121855,0.3606921509273349,0.36227963355726456,0.3567799036465578,463.09646610397766,523.7626686469702,507.80325730750985,530.8162588895826,0.07422140338939294,0.07215004346686571,0.07408184859794384,0.07199108893553194,0.2724360537619662,0.2686076012827368,0.2721798093135195,0.2683115519979189
1,25.825386709209475,51.5295401155125,9.05602383713121,6.869781091525086,7.2197667951484075,7.249307803889784,7.4345570961728775,0.9200004750312833,0.9119523571055087,0.9109838779967601,0.9077139854799143,0.5051218982900859,0.5000255067663983,0.5016277249560727,0.4971797698442575,237.20203787104015,260.9996527383632,263.9170977954197,273.56345894701343,0.18771052932195437,0.18472236506898712,0.1877613546084098,0.18503015957484698,0.4332557320128083,0.4297933981216872,0.4333143831081652,0.43015132171695925
1,25.553887102566,51.226689856884015,8.772272613888363,6.877685009436837,7.22318683781592,7.239553630030023,7.4198918646697924,0.9184630152154941,0.910616670122375,0.9103847393402427,0.9070701152825441,0.5059625325816447,0.5010003550838642,0.5028744280019161,0.4988803287657847,239.005225628375,261.9293066665716,262.6459251435097,272.322146713169,0.18858028710870528,0.18558341727831246,0.18867391117033724,0.18601902802429685,0.43425831841048856,0.43079393830265583,0.4343661026948779,0.43129923258023173
1,26.320576519268776,45.35404057559288,19.125787425889328,6.099877329193949,6.546883187365427,6.826290262404665,6.99710869077124,0.9426601331373539,0.9391022991388532,0.9309916606861061,0.9253458148891306,0.49112458396311864,0.47934461692786395,0.47816614522710393,0.4747299664106327,225.4379549690001,239.98729788910296,272.78963748288476,294.1998465454387,0.14902232194829879,0.1460208248684463,0.14684694566080805,0.14533021485279593,0.3860340942822263,0.38212671310502005,0.3832061399048925,0.3812220020575884
1,59.07386902240778,84.99992100468593,10.534621797328278,7.756235227236814,8.287453126272393,8.099937076279883,8.213745890056014,0.9358332752908505,0.9278385514381464,0.9301109289853905,0.9269090046934293,0.39686791010796896,0.3887317063074884,0.39138731150853656,0.3871601199176361,329.6016323851395,369.47033198819133,359.0992367961647,374.2296591803864,0.08721457661685422,0.0851997481278904,0.08734815340419465,0.08515772615480748,0.2953211414999851,0.2918899589363951,0.29554721011066004,0.2918179674982462
1,64.96712954559206,91.25882730615895,16.5853838499963,8.551652434620038,8.914027472077727,8.7534658791054,8.924050976873705,0.9158082904162498,0.9135242608281139,0.9150537676623498,0.9098399516964161,0.3708608041960835,0.3629087008556945,0.36613829528927977,0.36143269057225363,451.7420178432612,462.0529401373903,455.9422505717207,481.7387604955253,0.06781149898382911,0.06603985839581752,0.06785770558620507,0.06594728544047689,0.26040641118034924,0.2569822141624154,0.26049511624252203,0.2568020355068801
2,35.53228410908956,51.67305279607099,6.353944264612866,8.947343429350385,9.384923944913844,9.034464486192629,9.34011599508745,0.8541578710616397,0.8341140459649841,0.8411532545654441,0.8338939386628735,0.42187726738586806,0.41694077629372256,0.42201495756410473,0.41742243382643407,376.0301757066506,427.3742051450376,410.5075578175848,427.94127053543514,0.11581564083129071,0.11376226327247163,0.11602050380261095,0.11356335970018977,0.3403169711185305,0.33728661887550715,0.34061782660719764,0.33699163149875067
2,33.986313948729396,50.08801428730885,5.264914983071027,8.507780224389201,8.820805773602839,8.438310006736922,8.755458968126844,0.8656551911958151,0.8554646712517495,0.866847734618852,0.8577926083005206,0.4286770816752247,0.4241939689601241,0.42976557447894304,0.4246575150305552,315.1953938794803,338.6506095077283,312.4760975975163,333.19618319346364,0.121019878526732,0.11882997379861632,0.12153167425182299,0.11868394529185713,0.34787911481825406,0.3447172374550137,0.34861393295710796,0.34450536322654995
2,57.249610226559376,31.01938480853735,22.216385322148035,14.295331508863294,14.570062038608096,14.495560156426457,15.353846509316389,0.7981866142588665,0.7914724222913215,0.7930985558380037,0.7743376696558163,0.4473418211835226,0.4421326750778797,0.44714573151472914,0.439807768648137,675.0064461972797,697.7509675480767,691.8785231192545,755.085303665649,0.15995171080681844,0.15673987677057952,0.1602924686033659,0.15644410201333026,0.39993963395344856,0.3959038731442009,0.4003654188405461,0.39553015310255457
2,67.5060739528933,72.69542146437635,17.776968896159733,13.846321882788452,13.96812736323269,13.949084686318928,14.673293272390968,0.8622653528289821,0.8606385463301106,0.8601672921390409,0.8493357079294094,0.3438039307884984,0.3407944832179138,0.34233109323981264,0.33624056956450427,673.7793805720272,679.4633128359407,683.9499170776193,734.5708323253192,0.07995178530203999,0.07799463114239717,0.07997154990773493,0.07777739005111216,0.28275746727900924,0.27927518891300956,0.2827924148695204,0.2788859803774872
2,43.21459394307928,51.61891348962462,13.938907408815002,12.426438341173695,12.839997450826113,12.402266016314867,13.337728464409379,0.8249286203710717,0.816201087663944,0.8282730324036022,0.8074192703037225,0.39859922746106646,0.3929077242020382,0.39903126840699044,0.391133121203048,594.3830287776846,623.3141266106486,582.9671777596973,653.0957545232455,0.11598915547077288,0.11360829552389658,0.11686629345412156,0.11378442056513115,0.34057180662934045,0.33705829692190725,0.3418571243284562,0.33731946366186927
2,57.430921645836904,31.201225817497004,22.434779432745536,14.370634500837234,14.617682736629645,14.52684610075563,15.399641862774708,0.7963627897200729,0.7905395529772893,0.7926596888641447,0.7736757311296169,0.4460642783451595,0.4413676951908496,0.44678658443842706,0.43902718301421095,683.3680403835212,703.1799119675013,695.6513641590498,759.7934680390772,0.15930799450592206,0.15609764436746026,0.15960158284565779,0.15583764305214956,0.3991340558082235,0.39509194419458904,0.3995016681387673,0.3947627680672907
2,59.60441870980707,67.22779340836013,26.243747487942123,13.201303896497548,13.570380716857148,13.362272082656435,14.234009586613672,0.8349830872779833,0.8214732705376093,0.8290925866003573,0.814445925291706,0.2882353625164589,0.2874949344678871,0.2863486730382038,0.2771421956764976,626.4132693622029,674.2474176181219,648.5779021474,700.7878096313136,0.0470288354082584,0.0452081440021085,0.04652969790631316,0.045187598276313745,0.21686132759959392,0.21262206847387338,0.21570743590871677,0.21257374785310096
2,50.29422863721644,66.42538802660754,24.733685826368752,12.126359661841438,12.3271163918428,12.319984541396684,13.125335438722177,0.8657238848272688,0.8607126811999398,0.8645282217007775,0.8511744869642055,0.361235030342849,0.35665324597602927,0.3600488885540462,0.352403879915775,631.0066406710474,653.4712752279521,636.8255796977976,698.2200434883358,0.08283032222756503,0.0806395168511494,0.08291728208354814,0.08058302565041592,0.28780257508848844,0.2839709788889516,0.2879536109923752,0.28387149495927894
2,65.41458507577651,46.051918340130655,35.38332313016087,18.763228670957357,18.564594277258955,18.91165965046727,20.11025356397048,0.7258504520909568,0.7334361128550101,0.7278398482442879,0.6966851013246304,0.26858110355195325,0.2688176751479775,0.26900417334216736,0.2582423847190814,878.6506233950314,850.407083358933,870.3800925443484,967.652224329794,0.04589259311056387,0.044714769136286886,0.047134048148318855,0.044689363001117505,0.21422556595925676,0.2114586700428405,0.21710377276389936,0.21139858798279024
2,70.24917720239185,47.042022859233725,20.817842527418563,12.98078444298023,12.928301717774616,13.16400667261512,14.127250916723941,0.8584361223253236,0.8614232880085632,0.8571072570482624,0.8385157521675315,0.3770249151489422,0.37385252996808477,0.37762777366393013,0.36941717800461993,567.5646380239939,554.6854490538434,572.6542887069792,646.378177378148,0.10086437905734419,0.09870742904928888,0.1012812010815977,0.09842450909283619,0.31759152862969153,0.3141773846878366,0.3182470755271723,0.31372680646198564
2,69.96327308792235,46.78016041905386,20.50032257132678,12.843912133080446,12.760243654979984,12.974564534274872,13.978545820650645,0.8607476787741943,0.8650956292935372,0.8612788471302599,0.8414235867966373,0.37926764841381433,0.3761322811408725,0.37988897691000095,0.37148461708487607,554.7402361472183,536.5607550344148,552.4062516972486,630.7125525546351,0.10226926734658663,0.10009183255045703,0.10263190634267305,0.09990308781114539,0.31979566499029755,0.3163729327083103,0.3203621487358846,0.3160744972489008
2,40.09451278314031,59.19114325323834,10.424506919373858,9.00489328244451,9.703986153294045,9.170916135482369,9.221828157147666,0.902263545880416,0.8927117630586376,0.9016270870979086,0.899184115862535,0.46859990118810313,0.4598748134585781,0.4671826908920386,0.46404488189743814,405.4714591068419,444.9195232030496,408.099354768151,418.0789654159037,0.1586138390922547,0.15568374112711791,0.15891023622078967,0.1564575904572649,0.39826352970395706,0.3945677902808564,0.3986354678409708,0.3955472038294101
2,67.16472564070936,54.2976743744722,41.65472383789887,16.938828902861534,17.58316879747847,16.91796782452651,17.96972732139504,0.7932817138503628,0.7754557072501392,0.7942724362403926,0.7743579708843973,0.29790268443034557,0.2923866672437324,0.2973707698025301,0.2899672180812665,951.2749345462806,1031.8667614546782,947.7173029157503,1036.9112791967377,0.0550114429783926,0.053259434617542324,0.05497029936389125,0.05334196345848416,0.23454518323426,0.2307800568020173,0.2344574574712676,0.23095879168908934
2,41.34408395989975,60.99971553884712,13.281583959899748,11.639090250430794,12.01711537197056,11.510570427503206,12.142921448332299,0.8460352277900708,0.8437696984557259,0.8522658903509713,0.8342273130614398,0.4283794863202451,0.42425003359299596,0.427742365920095,0.42403590910610994,640.6644309338986,649.7650328499742,616.2693574812221,689.452009690604,0.12947159148394483,0.12745608098042405,0.12913361121260908,0.12739759199900733,0.35982161064052953,0.35700991720178316,0.3593516539722742,0.35692799273664055
2,33.9306664247702,67.82484823876334,21.356434446057087,9.556428480365959,9.95239729014465,9.714213294286791,10.186299537695096,0.872217307411873,0.8623165654476858,0.8631818940597183,0.8528691080476657,0.3839571341987247,0.3785380360305065,0.38292254264799036,0.37574265032129994,516.14871963509,555.4424301455824,554.9020809164668,593.5553571946797,0.06556118361297868,0.06397580241037941,0.06483003718462896,0.06382725522858508,0.2560491820197414,0.2529343836064591,0.2546174329943434,0.2526405652870993
2,38.05830859774821,51.77143039918116,24.503121801432957,7.59620498971454,8.194517035330893,7.688575603665672,8.244889658983597,0.8865164542889075,0.8787305218592156,0.8886747724546891,0.8734938841042332,0.5356346395804836,0.524264866420406,0.5337766611127638,0.5304208128201662,570.0484786524662,608.1746721789978,557.8175572766039,634.436766308431,0.18590068188375847,0.183909134941107,0.18616418964185893,0.18329825821233303,0.43116201349812633,0.4288462835808502,0.4314674838755047,0.4281334584125995
2,34.885650375939846,53.47308646616541,5.682155388471178,9.764751614426574,10.236947252891557,9.726000705786749,10.077906806192553,0.8843778422513918,0.8760781010820813,0.887372664832095,0.8793088362049443,0.46404194260945636,0.45894995730455274,0.46335423102001544,0.45994737513993095,379.13201197035744,406.18879003828005,369.36438041940966,395.59914928912866,0.1579966936672142,0.1555008487389191,0.1578324107815825,0.155693295928044,0.39748797927385704,0.39433595922629106,0.3972812741390947,0.3945798980283258
2,25.24932922604015,51.23773641292746,9.734427699269949,10.854409473149136,11.38460109162602,10.599744144073677,10.704646880235243,0.8162088421121647,0.7934868901563161,0.8182756317132981,0.8236869373185951,0.390394016491153,0.3846281469906331,0.3930882366720076,0.3897350066255282,426.5390564194691,478.794681221658,421.9229754656312,408.7767440316847,0.10249282838554667,0.09993899498265044,0.10232943552492785,0.10037300548809377,0.320145011495645,0.31613129389962397,0.319889724006458,0.31681699052938084
2,32.50887585296579,55.60406182602444,14.903340856324617,9.496465676738161,9.764686981204273,8.709047882246983,9.22341824500174,0.8344639561020626,0.8293159846409519,0.8551050328752535,0.8401816733519897,0.4176723748547311,0.4123674663796849,0.4266546560374474,0.41950601395913084,494.0469039090483,508.70383857864056,432.4381493176469,476.319918242087,0.10282887057161326,0.10082830478377271,0.103401903171708,0.10097021517417384,0.32066941009646255,0.3175347300434595,0.32156166309388934,0.31775810795977155
2,33.44837817108928,50.996777993475256,8.570871299554865,9.783107174269347,10.09123555489766,9.385885295165219,9.81259483222499,0.8429722266421118,0.8380284440874285,0.8542959209135461,0.8431041282966729,0.42723964183917273,0.4221210541349694,0.432762574115272,0.4262229727304702,409.96298862557785,422.33253695912686,380.41005011013436,409.09795032559845,0.1182250451114177,0.11591004403806339,0.11872163481286112,0.11605774014233626,0.3438386905387724,0.34045564180677546,0.34456005980505217,0.34067248222058716
2,23.28753892284627,48.94323030792296,7.680419405681774,9.525682552581076,9.93126336248867,9.586611551046003,9.937152575316823,0.8128978184801572,0.802153107478885,0.8037867445555705,0.7911722858289386,0.3787041684609184,0.371770331383496,0.37875562077461145,0.37246117229121456,375.6379907509177,396.4928765792432,393.9374915293319,418.4988707483436,0.08408370614755775,0.08147489762861954,0.0834579239182621,0.08149249455582577,0.28997190579012605,0.28543808020062694,0.2888908512193872,0.28546890295761773
2,28.42406573291376,58.681635764381646,6.617048189054112,8.936447146138796,9.154550832024098,8.71752291252988,9.03059053667783,0.858534199967941,0.8555287107408531,0.8665324316756127,0.8572485115123416,0.40102866521035185,0.3946153855986711,0.40175546368501647,0.39568516574070617,339.2646098923362,345.6948288476529,319.99771521229314,341.57964280342867,0.09361821910448452,0.09160501067653454,0.09374814777855241,0.09159424030734781,0.30597094486974497,0.302663196765868,0.30618319316799936,0.3026454035787555
2,42.47249142763944,61.696458828722356,12.587812167897885,9.049547250963126,9.711273962313989,9.267133275006437,9.333564547206887,0.9085619392774376,0.9010506560641824,0.9059343871353108,0.9029164407037263,0.4599796388688313,0.4518622362404728,0.4585304481670553,0.4548544963785295,408.42710193758234,441.75874203978935,420.15217889429545,433.42895790473335,0.14815434429122637,0.1454881219341304,0.14842468012489082,0.14614885164364752,0.3849082284015586,0.38142905229430335,0.38525923755945274,0.3822941951477259
2,31.898316230920884,54.67231638418079,8.169267208649432,11.130498262526643,11.701970696250143,10.969645736075195,11.523022868854476,0.8113412167839154,0.8002299852044195,0.8163959257535434,0.7971406522791719,0.37818674013953546,0.37149715734449584,0.3787972858994167,0.37460886276213884,497.703208720995,526.2240652520323,484.4612188248979,534.361829733367,0.09166422475408649,0.08962594176771639,0.09131891078440138,0.08954535722539021,0.3027610026969895,0.29937592048746403,0.3021901897553946,0.29924130267292687
2,41.211925613265926,50.50422635401204,10.936811561591533,9.46863440323816,9.878393152609066,9.697361112125071,9.940787904802168,0.8311520462389745,0.818465653507394,0.8245610247824208,0.8168191766236083,0.36096110823294336,0.3549456884309304,0.36042500143606604,0.3554395272111578,408.03758281859484,437.5231536003205,423.9351277965305,441.49139306819495,0.0747387661729945,0.07287481765430118,0.07529047483207456,0.07260041228773638,0.2733839171805732,0.26995336199851483,0.27439109831055847,0.26944463677671593
2,44.150273111550284,49.00105161671058,10.09723594642073,13.887576977243112,14.366655686543504,14.258324521570914,14.27889216365848,0.8108167848308027,0.7982240092070356,0.8005306472442477,0.80171043977526,0.39400268941243266,0.3892998989932135,0.3914886555304092,0.38818917048877494,591.0738411989684,629.818802010972,623.0513414607834,618.9363401524384,0.12036670459622638,0.11732618600409524,0.11945349349268188,0.11721201839683736,0.3469390502613195,0.34252910241918894,0.34562044715653306,0.3423624079785007
2,54.92242009212495,68.48626601664796,21.35425142630004,16.790265871753142,16.989747373393932,16.514031542658625,16.87009798135044,0.8223904769345521,0.8185797685389974,0.8276914114368215,0.8204653854919608,0.3363798741109592,0.33247695571478836,0.3374809565252679,0.33269303412896634,769.2222898365181,783.8086648566739,746.0729343144804,775.6620381302021,0.08440489584653993,0.08228262974670122,0.08455866923374761,0.0823165994153008,0.29052520690387595,0.2868494897096755,0.2907897337144962,0.2869086952591378
2,67.07946221045549,77.89914021844211,29.573907128311966,18.953199054755785,19.222243157032803,18.894195171863164,19.373688895479507,0.7839333590020664,0.7763089511358509,0.7851258477983234,0.7732256942150989,0.28947947633670407,0.2847065398528585,0.2877271867503851,0.2826884983539968,1041.1263956560936,1073.6073807579335,1035.0897425664111,1088.405502558975,0.05530603647427838,0.05348211826514906,0.05497399168290001,0.05339354897201362,0.23517235482572857,0.23126201215320483,0.23446533151598342,0.231070441580081
2,43.264710946991805,58.16826587328161,23.866502122177472,10.811155796469677,11.538427218931222,11.08219061559319,11.078205784860646,0.8714398098341507,0.8483931761653362,0.8570161845907167,0.85925039526229,0.3481591737608597,0.3379382109379253,0.34422730858895495,0.34277736569447054,464.5676539332982,547.0704294996256,516.7871415366054,507.8923545006733,0.06609836438310185,0.06374642158951793,0.06542974907842791,0.0637352772405388,0.2570960217177657,0.25248053705091394,0.2557923944890229,0.2524584663673191
2,49.46766863527534,70.23142154828412,15.55368683160415,11.944904012842494,12.268232780669065,11.940554806397664,12.224014607097685,0.8858306191174411,0.8797197891096017,0.8852882299423618,0.8803094503719487,0.36336223654389566,0.3590595064105358,0.3643709842614626,0.3594467636194303,470.4880385233235,494.6245295150182,472.769831118033,492.1996840454021,0.08809151862811097,0.08630151112664602,0.08884685219484884,0.08634831216086103,0.29680215401528165,0.2937711883875715,0.2980718909841195,0.2938508331804779
2,67.29658790722821,78.15932551517841,29.87463379946462,18.94261460452812,19.259049031968335,18.898488692550288,19.343366219120252,0.7849276854492885,0.7758154962168894,0.7857290170447935,0.7751171216365249,0.2882440595958286,0.2829700808454576,0.2864730743401983,0.2813872105249647,1038.5406005735438,1078.2558148503763,1034.4289425285674,1081.6147733845894,0.054475976267789716,0.05272793349078161,0.05421821498776517,0.05271308429969975,0.23340089174591797,0.22962563770359268,0.23284805128616637,0.22959330194868435
2,74.41225441561588,80.64949066115989,18.192513353560756,8.738855564163181,9.433341584157354,8.968637400129522,9.183187245194139,0.9135351604457075,0.9049697324873538,0.9151149388034006,0.9077441919578485,0.373772497259007,0.3618724463711217,0.36871795579143357,0.366460465693415,434.88923180940424,476.21730198013637,427.1689164882873,462.3138832264954,0.07144360242606088,0.06960429951719073,0.07144368829154668,0.0697552429546173,0.2672893608546006,0.26382626767854395,0.2672895214772676,0.2641121787321011
2,41.665030888882306,53.4744380922289,16.46439797124059,14.03746124541476,14.196077322895173,14.04026111199615,14.195854519092162,0.8334954072064878,0.8317995818748439,0.8332854581945791,0.8311981969811323,0.4018541116290868,0.39858469264952223,0.4031335276355979,0.39882361547911377,576.8868258441705,582.2997908304162,577.7707191010717,584.381749375604,0.12979368712035513,0.12767363374205093,0.13045988601118974,0.127636633528176,0.3602689094556386,0.3573144745767388,0.36119231167231364,0.3572626954051822
2,56.63212717091888,65.09140375101477,9.973819221348728,9.423181608809623,9.872875716732858,9.487186753969183,9.797227347165407,0.9178015113627082,0.9092688522378651,0.9153454290708685,0.9103529803010763,0.409722199301471,0.4047834263690462,0.4088321495511297,0.4046303038060117,355.9151208073114,392.1782149506237,366.51053763144023,387.4921570852246,0.1166120765653017,0.1139666221155447,0.11619019462542823,0.11426290680883693,0.3414851044559655,0.3375894283231403,0.3408668282855172,0.3380279674950535
2,41.73235120840204,53.55716006595772,16.536268517695692,14.052613438456117,14.209400657769313,14.043083810131368,14.216447243716452,0.8332437687952757,0.8316482556176229,0.8335790599356365,0.8308835304882994,0.40112716841704266,0.39804475250203947,0.40258239001287127,0.397726589944399,579.0393287564693,584.1110976245963,578.0293957936889,586.7643783274593,0.12901300771012972,0.12707342565479735,0.12985149568171003,0.1269327297780866,0.3591838076947926,0.35647359741613033,0.3603491302635682,0.35627619872521177
2,55.698486688268886,64.20911872662555,9.339109498268815,9.499685942798935,9.862708015504627,9.429587178378103,9.814427544971842,0.9132265220034684,0.9076315177227363,0.915545738270002,0.907681260728703,0.412583814218418,0.40754682606955617,0.4118886499775838,0.40728335199621524,369.7158298786731,392.9016206962574,359.7986639489882,392.6900322065773,0.11881558733135078,0.11626154614457172,0.11857564230607558,0.11646760081752586,0.3446963697681639,0.34097147409214706,0.3443481411392772,0.3412734985572801
2,49.4361620795107,65.94813683079782,6.6286653698757405,8.76698592070242,9.014482689603765,8.584166772063378,9.122992413887127,0.9066250671554897,0.9008265484623945,0.9066196178589471,0.8989161455923039,0.4366844205719674,0.43276673492448864,0.44072866988290577,0.4324256927039146,397.5091542201399,421.6709279563302,397.6106681779161,429.79367994804664,0.12704447984938536,0.12466468704371265,0.12709658157868245,0.12469511182123749,0.35643299489439156,0.3530788680220223,0.35650607509365456,0.35312195035318533
2,52.62785608523981,69.21065957302675,9.494234603027136,8.943074474764176,9.265498076622054,8.788807193517597,9.306155051549657,0.9103272433262535,0.9023413155662005,0.9093043224243912,0.9029707306028636,0.4259917541764314,0.42085128518226284,0.428868227002546,0.4214449472575409,421.4976688615467,458.43627836246117,426.39275759585144,455.48163394318584,0.11653472170890128,0.11430784665236023,0.11684889658145606,0.11451776715106128,0.3413718232498126,0.33809443451846444,0.34183167872720055,0.3384047386651985
2,52.66236877645883,78.76552513304426,15.482435359770117,11.576729982615433,12.112086302691425,11.732007762184269,12.13716467259722,0.8815744679759246,0.8716918208399611,0.8776090209593835,0.8709781324223428,0.34940625453557433,0.344496263645006,0.3490270887137091,0.3438583484518646,520.1320674047138,561.8460576440365,537.3889716980126,564.9712132378189,0.07956891716907996,0.07781485120540012,0.07956459971882031,0.07778340549687743,0.2820796291281594,0.2789531344247634,0.28207197613166096,0.27889676494516286
2,46.72659511409634,59.36501478703812,17.27678228978791,11.700064426824405,12.363113134749419,12.07090411116024,12.309313852628529,0.8616962650747096,0.8478388515827312,0.8503090162319216,0.8428780556956309,0.3622618801576596,0.35452999423741083,0.35882095992670715,0.3572685184058379,557.3323626783792,612.6238004669232,605.4044437495752,632.5967151123642,0.08732003666372247,0.08505459523384502,0.08630814771075207,0.08504682818455046,0.2954996390246906,0.2916412097661183,0.2937824836690439,0.2916278933582151
