label,R,G,B,dissimilarity 0,dissimilarity 45,dissimilarity 90,dissimilarity 135,correlation 0,correlation 45,correlation 90,correlation 135,homogeneity 0,homogeneity 45,homogeneity 90,homogeneity 135,contrast 0,contrast 45,contrast 90,contrast 135
1,102.11512345679013,129.14802126200274,88.61780435528121,9.568105943154166,10.013024972016275,9.471659776056892,9.907702353478788,0.936906739815502,0.9320785788595419,0.9379811487174428,0.9323923171365627,0.22867231704412933,0.222006370105434,0.22705625465765078,0.22252118031813248,319.0972687339016,343.3272964718853,313.60843324725874,341.7414923094272
1,73.00469821673525,101.74380829903978,70.76898405349795,10.461621877695787,10.549690959220845,10.243771748496721,10.837260402705688,0.9443813113128298,0.9454603418662362,0.9526088622324849,0.9436829727293081,0.17268349720097662,0.16221184129833457,0.15968254920187588,0.15952947121924446,357.0418492680054,349.2322824104863,303.80918776928615,360.61128750301623
1,102.11498028120714,129.14934327846365,88.6172385116598,9.567819982775122,10.013184761129233,9.471981912146399,9.908169628668436,0.936905978857441,0.9320774574939421,0.9379786304451238,0.9323918219541788,0.22876358828616597,0.2219790358996921,0.22701096380488722,0.22245401939939524,319.10093453924475,343.332851086943,313.62081223089103,341.74388223632576
1,73.0038640260631,101.74652520576132,70.76124485596708,10.461312661502753,10.5499958541228,10.243664082691446,10.836857043161217,0.944381659726475,0.9454599340222853,0.9526041003712221,0.9436820508746954,0.17270620015896754,0.16208314812699934,0.1596623763608821,0.1596027753095667,357.0369922482023,349.23222799582,303.83741429814006,360.6144375078577
1,79.48421296296296,112.5163091563786,78.1008273319616,9.70053229974431,9.92697378422255,9.210909560726403,9.628048085296374,0.951344324086068,0.9472967116719242,0.9533954502728679,0.9505868880133796,0.20236012931056657,0.20209063850718373,0.21712983960220972,0.20811715609950301,283.47722136097,306.40608718789304,271.2539689923278,287.27734466774996
1,79.48486196844993,112.51637431412894,78.10047582304527,9.70051248923621,9.926962555798072,9.210558139537657,9.628015263748896,0.9513438530669862,0.9472960406360896,0.9533974326016847,0.9505850353798394,0.20233896128857695,0.20207095637136954,0.21701650496463326,0.20801728796568517,283.4768587425402,306.40643354158743,271.2392816538274,287.2847882492371
1,91.50304955418382,120.64668638545953,77.59489368998628,11.259213608961469,11.137002321695084,10.396585701984437,11.337045335197136,0.9409657704707732,0.9406314595060037,0.9483231960511763,0.9413130603587885,0.17196034976764255,0.17639130360438465,0.19460171644791316,0.1688484365906946,364.6545142119966,365.4356542198888,318.47324547812525,361.23994537810484
1,91.50320301783265,120.64565414951988,77.60032407407408,11.259339362622127,11.136958271723547,10.396942291131634,11.336697254048332,0.9409646900877686,0.9406284942070237,0.9483190568679917,0.9413129055483402,0.17188762599639706,0.1764483411576562,0.1945472576021464,0.16887395100810423,364.66046080975883,365.45322670368677,318.4983393627124,361.24022608870837
1,89.7064951989026,118.73083762002743,81.08676611796982,7.68649870801265,8.116817933695112,7.39408096468792,7.637117197110538,0.9605260620946786,0.957471183764752,0.961921099781356,0.9586333494173456,0.24050562426311142,0.23153091254272082,0.24945068898740433,0.24609723529867983,230.55639018094533,247.95870444718304,222.31133677870832,241.18221745834413
1,89.71054612482853,118.72916237997256,81.08084705075446,7.686397932818796,8.116342021256132,7.393938845824934,7.636633511147142,0.9605243040277196,0.9574699206699324,0.9619202493803283,0.9586336120492304,0.2405526915856433,0.231637835231211,0.24944136413736007,0.24614347540393547,230.56275624468736,247.9617663520778,222.3125521103193,241.1765168737729
1,96.50776234567901,119.87672239368999,81.73667352537723,8.68141257536869,9.227592384020987,8.53584323858994,8.832993601527827,0.9522258871892888,0.947403053578295,0.95248699734907,0.9492819365801932,0.22830038418329904,0.22278938938836104,0.2358524482168456,0.233600981466825,285.4205564169655,313.6746270436283,283.5446976745032,302.46928594139064
1,75.77959362139917,111.20504886831276,74.27450617283951,10.117926787255247,10.341957338900036,10.022576227393232,10.01187362667924,0.948411559609868,0.9457895574807734,0.9479606339418849,0.9477504966075263,0.16878653429520893,0.16343453557316467,0.17053592372129683,0.1695975773069893,274.9611963825035,288.1131255096433,277.1600835487449,277.6913591230493
1,98.68505144032922,131.47100137174212,87.69568244170097,7.7810068906133205,8.050095182488755,7.728349698537561,7.926430501237875,0.9599329471997021,0.9575151956451531,0.9600728212563305,0.9570778096419869,0.2552502002628535,0.24596022114740318,0.2512997383790654,0.24921485181697264,209.29505684759604,221.62926593747588,208.66321619298625,223.9116798068296
1,74.30616855281207,103.95310185185186,64.45772633744856,8.174683893197887,8.570198380344676,7.929113695092869,8.275205221046274,0.9637214246202473,0.9588066850017722,0.9631705749592276,0.9609923596884917,0.21232833095365578,0.20704224010514763,0.2196003123737094,0.21439789132751869,215.037076658115,243.3203020273739,217.80154608102958,230.40939870929077
1,83.28600651577503,110.16292181069959,77.91832561728395,8.521654608099773,8.77009024198338,8.118769164516554,8.324735527427185,0.955411255720172,0.9537979559109011,0.9578643335142175,0.9545963403010393,0.2064288445222332,0.20122503471130723,0.21485176642918852,0.21547020127429936,276.5383367787569,285.8310571302891,261.04039879425324,280.89149801004436
1,83.2914274691358,110.1588091563786,77.92324074074074,8.52179586563634,8.770119608631123,8.118983634800752,8.324859903817734,0.955412416832018,0.9537994028746114,0.957861891392416,0.9545960981456546,0.20643607632861855,0.20121665783580542,0.21481769473401446,0.21549991616291006,276.53599052552374,285.8271910974764,261.0597898364618,280.89798458430306
1,98.27649777091906,121.64101680384088,93.66893775720165,5.784969853576217,5.885427751137896,5.197140396211712,5.746089053496848,0.9750469535406084,0.9746717463325103,0.9783332831122453,0.9731248385711614,0.28146365589514555,0.27463496180629177,0.297283574467282,0.28639035912306277,151.7655193798902,153.8652995052845,131.76726787256084,163.2626380232803
1,98.2797848079561,121.64072187928669,93.66562585733882,5.7852704565047235,5.885439843286924,5.197242894058284,5.746564965935933,0.9750470982322091,0.974671845221202,0.9783325455767413,0.9731244689106469,0.2814680275014271,0.274649906961552,0.2972606297029575,0.2862087733537577,151.76360465120692,153.8638380826962,131.77094315249084,163.26396729595294
1,86.86204475308642,112.21216306584363,82.38978995198903,7.228374677005241,7.331688513150969,6.606037898365902,7.12747457193956,0.9676087927467286,0.9670365801324473,0.9709070188698968,0.9664172936880038,0.23888422663746697,0.2361543099207614,0.254531199684291,0.24547679284515578,219.0467071490912,222.54891533426994,196.6314918174754,226.73002463348314
1,86.85971793552812,112.21393261316872,82.38674125514403,7.228081826014758,7.331127091943369,6.606097329890545,7.127195588785707,0.9676089835112123,0.967036031646445,0.9709056896927664,0.9664171022988216,0.23888451008196754,0.2363316116173046,0.25456296691351527,0.24544489156534016,219.04417484934928,222.55150478162582,196.63929285106894,226.73018615004693
1,82.27516117969822,123.94105881344308,77.87496141975309,9.937346253233489,10.039384993299867,9.944039621019746,10.175859579057327,0.9379294481215029,0.9371582250474869,0.9392288416846839,0.9354076842022552,0.2596400643209208,0.25287582664772956,0.2581072043975743,0.252449252073517,341.7232067184532,345.0836923550675,334.37311455652457,354.69599818970397
1,82.27901920438957,123.93826217421125,77.87797496570644,9.937327304051532,10.039093054271705,9.94397502153664,10.175597006677066,0.937928615574495,0.9371578525406637,0.9392286717767605,0.9354074433587433,0.25966657075639443,0.25293081573893655,0.25809173322473794,0.25252785557156365,341.7269603790947,345.08484110922694,334.37295693379286,354.6963989580649
1,64.60836676954733,98.5847719478738,62.4941512345679,11.431149870804163,11.736855833945441,11.671472868220375,11.808665925017083,0.9312840801112864,0.925698496629808,0.9289254105886721,0.9269285021777646,0.15746722855784664,0.15835876155922118,0.15496167286369308,0.14953714293559262,330.57388372101497,356.5642127665965,342.06296296305044,350.6619156037578
1,62.89226937585734,96.67092506858711,54.10354766803841,10.091576227393743,10.04710151186644,9.50039879414638,10.262055008916017,0.9299396677116051,0.929110967823257,0.9354790184450683,0.9257922043599844,0.23103914572239295,0.23012713254983336,0.24423151807673696,0.2231848941099262,345.6605891474029,348.09194611054494,318.47892075808005,364.3877321693324
1,98.68258573388204,131.47209790809328,87.69728137860082,7.781141257538427,8.049574356352995,7.728360034455177,7.926199886680386,0.9599337910329829,0.9575158323317817,0.9600746525251431,0.9570788566884875,0.25520237122154743,0.2461034195958972,0.25124013920327876,0.2492092910109765,209.28688630495984,221.62195450590198,208.64987596904592,223.90218660607187
1,62.89337791495199,96.6700634430727,54.10395490397805,10.09076399655811,10.046074542919058,9.499530577092118,10.261216332004432,0.9299417827089512,0.9291148820943395,0.9354853920818738,0.9257937686842694,0.2310453326026148,0.23022164881450397,0.2441943951444846,0.2232162218427189,345.6430826874544,348.0656344578583,318.4410447890914,364.37266967020133
1,79.31410579561043,117.58912808641975,73.92108710562414,8.443500430665653,8.591437376488923,8.100266149873184,8.459105215518232,0.9415499091980981,0.9404228581645558,0.9482548117343444,0.9421231980046112,0.2579071343600227,0.24974539582388303,0.2585007364215823,0.250134403624186,289.4744633937079,294.4898097732626,256.4513221361657,286.08429696249345
1,79.31230366941016,117.59027692043895,73.9172170781893,8.443938845825013,8.591839008583614,8.100654608098749,8.459465388816039,0.9415431804408437,0.9404187353866125,0.9482503852827777,0.9421169629895211,0.2578947128453654,0.2497148000124823,0.2585449654930258,0.2502169763699283,289.5039577950846,294.50618858919876,256.4696468562329,286.1112304971333
1,102.91903978052126,136.8608273319616,103.60842335390946,9.819070628770369,9.855185286274306,9.72729629629837,10.584042163597797,0.9464594110146184,0.9464638400010337,0.9490960874018827,0.9408385766781764,0.30097095315424427,0.30180035351316803,0.31280268417716317,0.28793235963881636,356.0116029285853,356.1000979464503,339.030095607307,393.5180777629273
1,102.91960390946502,136.86026491769547,103.60092764060357,9.821351421190748,9.857203811446757,9.729410852715429,10.586007137824222,0.9464439835912397,0.9464507111544267,0.9490865296135841,0.9408261107567082,0.30099794615693193,0.3018420735383572,0.31283218543767205,0.2879755931064886,356.13316709740803,356.2063957104384,339.1119138674286,393.6219588245495
1,86.45201131687243,118.85109310699589,77.29879972565158,8.246664944016402,8.492233385388781,7.760312661501284,8.035468000720392,0.9594665053319238,0.9558214270454846,0.9615150647169232,0.9591691476885393,0.20665964333172604,0.20150097136481618,0.21407957632665287,0.20968453089557695,229.45784323865803,249.60538480676732,217.90712403108526,230.69074501461796
1,86.44992198216735,118.85270833333334,77.29857596021948,8.246687338503921,8.492323212781907,7.760167958659009,8.03531944003152,0.9594657708004529,0.9558192578634329,0.961514539364446,0.9591667629450876,0.20657577580079045,0.2015156282476483,0.21408510587690296,0.20971659406666343,229.45978466846168,249.6157080471843,217.9084005168732,230.70245021493406
1,81.17120113168724,110.76402949245542,70.62414437585734,9.552821705428494,10.021467019528515,9.173671834627427,9.694142044749153,0.9469432175518239,0.9426137504983481,0.9506729191825055,0.9446936590565507,0.18294021904663674,0.17519851873526074,0.18571788518319296,0.18105688842785175,276.92586563313864,298.9908186039861,257.5818802756875,288.15398229022134
1,64.6088725994513,98.58466135116598,62.496286865569274,11.431884582259952,11.738331939859405,11.672323858745846,11.808549322150961,0.9312828461646496,0.9256963107813488,0.9289226309084042,0.9269322048865309,0.15760677932930875,0.15828617446681423,0.15496491109656593,0.1495730187765806,330.5834504738149,356.57875530331904,342.0803858743365,350.6481694214253
1,75.77706961591221,111.2072719478738,74.27283521947874,10.118103359176063,10.3421205829128,10.022662360037478,10.012050690290913,0.9484059209504976,0.9457859094227011,0.9479566847361783,0.9477489426294484,0.1688245326673846,0.16346277438357992,0.17062846967836554,0.16955259814928839,274.9914194660538,288.1324893589542,277.1814099914668,277.6995722834539
1,80.56922410836762,113.42946416323731,89.07710648148148,8.4370482342836,8.413434895871458,8.31389147287104,8.643252235322151,0.9629062334883655,0.9619884702502554,0.9637236937980898,0.9617399371121785,0.2423020078991223,0.2489922076481599,0.2535345579463106,0.23535421213004992,271.03145305780305,277.7057090491388,265.2720206719281,279.5208624121282
1,73.2425462962963,115.00740569272976,77.06598765432099,7.229499569338673,7.574476409945591,7.262599483206035,7.532210030265881,0.9586649468298075,0.9548313603148306,0.9589494638668223,0.9555963733802016,0.29718552740035403,0.291055958677005,0.29657183248385444,0.2897794968672999,224.71503273046628,245.0118615345564,222.9154366925611,240.86185237907
1,73.23931670096022,115.00716735253772,77.06504029492456,7.229564168821901,7.574479864845362,7.263061154179327,7.532780088722888,0.9586632073355281,0.9548274440205217,0.9589450171393301,0.9555945732433335,0.29725160716380883,0.2911608203253992,0.29655427818839086,0.28967825430020483,224.72792420333184,245.03687155376778,222.94307665810996,240.8753195782527
1,124.13446502057613,140.4671416323731,115.36379115226337,6.20258828596137,6.540189984937984,5.87998191214559,6.347099093435533,0.9740090744344869,0.9737496803016469,0.979282644252566,0.97406796146965,0.27911002257931283,0.2660180602396424,0.2867522891882605,0.2797657878953222,213.55196124034657,215.92609192109282,170.49262790700348,213.30779269913648
1,124.13709705075446,140.4681832990398,115.36411265432099,6.2023979328175765,6.540263401557397,5.880334194660779,6.347242471774726,0.9740107524904373,0.9737498422860653,0.9792816349457162,0.9740679478939442,0.27910127741753044,0.2660233320099499,0.2866650863837336,0.27975869823012806,213.54056158487626,215.92719835273843,170.50288716626343,213.31032341319462
2,118.26051011659808,107.41129372427983,114.82425068587105,12.032745908702376,12.256547898731627,12.18373040482637,13.037987486355064,0.9141897005078741,0.910371682984537,0.911411926264538,0.9020592582416347,0.1853821446783347,0.180284247163009,0.1852711292398096,0.17081673404707928,441.50388802767185,460.9575366910963,455.90843152465374,503.7092503213657
2,95.07258916323731,108.18792609739369,78.9053206447188,8.923790697675829,9.104658414063653,8.92026873385157,9.569612774838097,0.9496179363222119,0.9468531850797457,0.9504503118291319,0.9448198687693126,0.15638737704322322,0.1579313339031172,0.15453642917915406,0.14269577608232353,185.626479758856,195.36643271239095,182.6323738157046,202.84213699369764
2,118.25950874485596,107.41211505486969,114.82176697530865,12.03245478036445,12.256410566467164,12.183472868219926,13.03768259145311,0.9141928493420954,0.910372923014761,0.9114142637924255,0.9020652270500221,0.18538199335120212,0.18032880796802478,0.1853577877678855,0.1708657214566934,441.48868561595714,460.95223946606916,455.89728682181567,503.67971351978025
2,95.07405521262002,108.18730624142661,78.90768004115226,8.923383290268635,9.10411426735477,8.919558139536282,9.568949434088209,0.9496189801223653,0.9468540585461119,0.9504521553027693,0.9448242845529775,0.1563746235413001,0.1580170405155551,0.15460433421587133,0.14272944283884892,185.6186373815983,195.35897185640357,182.6217579672968,202.8214922403096
2,96.09916495198902,110.2793792866941,96.77543724279835,10.31587424634119,10.509036290267955,10.063677002585717,11.054473404183097,0.9374370375795082,0.9358324864258398,0.9422665840171507,0.9302543846490692,0.18215467185553882,0.1764859012313324,0.17674408080082524,0.16747144137983705,278.6807751938429,285.62629385997974,257.2998389320008,310.4556425422833
2,96.09942815500686,110.28104252400549,96.77381258573388,10.315671834627175,10.50891968740174,10.06329026701298,11.054489814956849,0.9374429762360811,0.9358378606549209,0.942273249785601,0.9302602115032307,0.18216394824136342,0.17643507861514449,0.17675391947382066,0.16742676704699444,278.653320413481,285.601421173034,257.2694384152038,310.4286727311982
2,106.32897890946502,112.18792095336077,96.42071244855967,10.39478552971777,10.677251903650841,10.688260981914281,11.430382906538895,0.9068309674795458,0.9016870888345657,0.9018827850627524,0.8909358229515796,0.17404531098113138,0.1668992642854639,0.1690495943294974,0.15926165514886342,293.0252747631905,308.6707169608213,308.60667786396976,342.42774336316154
2,106.33234653635117,112.18567215363511,96.4256755829904,10.395321274765214,10.677343458493837,10.688266149872918,11.430251620348955,0.9068284122780523,0.9016858532509026,0.9018825763927423,0.8909369141745829,0.1739589115432169,0.16688470371241015,0.1690267233743689,0.15927224255755798,293.0321481482084,308.67352233940835,308.60604220505536,342.42312588966337
2,98.13035836762688,120.98958762002744,89.98510373799725,8.454254952628913,8.831995999227175,9.045671834627225,9.540757452219792,0.9527107707493763,0.9492534216138261,0.9483809170537086,0.9430478966953512,0.18984437151294362,0.1812536880673232,0.17909956773282013,0.17303832910328806,204.720940568519,219.50118071201115,223.53645391908208,246.34275887566125
2,98.13134859396433,120.98972650891632,89.98425154320988,8.454146425497141,8.832556556709733,9.045973298882176,9.541136627466273,0.9527138240256593,0.9492536286146621,0.9483762969497616,0.9430480192503439,0.18981433349229093,0.181176483656585,0.17917363281236176,0.1729951552610188,204.71113522829438,219.50402495822271,223.56027304052864,246.3464443899588
2,95.55476937585733,110.74714763374486,71.88078446502058,8.867578811370812,8.94409626732709,8.805174849269362,9.405033443430087,0.9411743592969409,0.9391053195558596,0.9424283005635686,0.9363770516955411,0.1440698353671616,0.1457053244877781,0.14321080744781123,0.13290754372436572,177.2869638243158,183.1505938972802,173.78612919899322,191.35582703391242
2,99.31547753772291,107.94534293552812,74.4942866941015,10.219645133507685,10.268526899850256,9.701074074076065,10.839155415210897,0.9305829821068042,0.9313062693547015,0.9388796582869087,0.9232267136888943,0.15830191095310384,0.15596383463120644,0.15882476395915876,0.14763558220077255,261.2843152455274,258.0742129738634,230.19705684758733,288.428930984947
2,95.55197959533608,110.7477280521262,71.8812414266118,8.867756244618088,8.943953752712938,8.804952627047156,9.40518632274359,0.9411765552509247,0.9391090942889747,0.9424318564966321,0.9363783408346135,0.1440023514142408,0.1456872921496325,0.14319932198629853,0.1328247596008205,177.28096726961996,183.13994676001036,173.77618260123478,191.3526873937749
2,97.32957904663922,85.67968192729766,87.4659627914952,13.872413436695044,13.90517077569576,14.066135228254126,14.979871754123257,0.8912582247677419,0.8910312277814766,0.8892383083494344,0.8756783800659427,0.11871237255551277,0.1187304401483837,0.11533205608584694,0.10668889570841335,408.60733161075143,408.5308721203772,416.61182687346206,466.09096578271925
2,90.49477280521262,91.09982938957477,82.92295267489712,11.880684754524053,12.112167638646325,11.490087855299269,12.496196155388695,0.9276504130951387,0.9229791568277905,0.9316613465202985,0.9220695225060098,0.1434728584790629,0.14291357922727924,0.1436007020343606,0.13081151345626071,323.5774186047063,343.9390857990132,306.25628596043373,348.0022301378136
2,130.43178755144032,138.86078360768175,103.98348851165981,10.339071490097663,10.718548320229745,10.283472006893291,11.08795397382766,0.9442733633406931,0.9384656686970504,0.9440574973004691,0.938890866643477,0.18588472658358432,0.18094825864817687,0.18651906121633538,0.17008991225418768,311.7588733850977,343.3527383535828,313.0119319552878,340.9815223325171
2,130.42610425240053,138.86330332647464,103.98113940329218,10.338686477177722,10.71867874269492,10.283483204137141,11.08766203479979,0.9442748631268648,0.9384690867268292,0.944059249260134,0.9388927081170926,0.18594047311058648,0.18094097423718883,0.186494325851138,0.17012662654089056,311.7510258398779,343.3343677879463,313.00264254960496,340.971915983792
2,118.77609310699589,107.59886574074073,97.79684070644718,10.410248923344092,10.415919832507742,10.508520241173635,11.513238312075424,0.9287919482054984,0.9280843193063445,0.9270824935604278,0.9158801746841208,0.19301885852654263,0.18880608338310959,0.19106180208793452,0.17507499243545163,307.62604909566403,310.22574833131335,315.06497674425134,362.87120392894565
2,118.778530521262,107.59620541838134,97.80422582304527,10.4098079242054,10.415554476860308,10.50838415159572,11.512988695569222,0.9287967687916036,0.928086569611741,0.927083163515176,0.9158812397691386,0.19299977783743857,0.18885957295353786,0.19102094561034075,0.1750489265690713,307.60716882004124,310.2180084921746,315.063734711517,362.86891073923823
2,98.32934242112484,107.10072273662551,85.29458504801097,11.610300602930858,11.977555243848235,12.041051679588971,12.82685251724123,0.9249236758943913,0.9212211166259471,0.9217570772238273,0.9124164544459571,0.15596128179347626,0.14881148051722104,0.1463988551999387,0.14006916443882425,333.51624720075847,349.30224153898786,347.7667691645866,388.3408068573172
2,98.32694615912209,107.10074074074075,85.29752572016461,11.61103617571302,11.978282500243113,12.0418854435856,12.82744848744615,0.9249205044884313,0.9212153002562293,0.9217482028725825,0.9124125313943275,0.15587570308122692,0.14877381198738354,0.14639829141587185,0.14007685489265428,333.53251248930246,349.330886112716,347.80891559007927,388.3613928774163
2,126.82273405349794,116.4343664266118,96.65210991083676,12.123017226530697,12.106790950927971,12.155544358313746,13.356803043077182,0.8948209259259222,0.8945750368348128,0.895006702321664,0.8772261874066921,0.18540225771306026,0.18072385595952514,0.18272740407180568,0.1676087324405073,423.9390637382215,424.6613576374477,422.9026899225431,494.545179723932
2,99.92671639231824,123.8772342249657,76.91049468449931,8.405351421190307,8.57906106189888,8.925365202413357,9.368992793080217,0.9373272727456949,0.9343404357358392,0.9301535710707798,0.9255810692826288,0.18284721890551256,0.18254153648757285,0.17533009088664328,0.16611365734039615,188.53373212751342,197.14690838298577,210.30581653750752,223.44787160903638
2,93.0491426611797,113.8756927297668,85.90954475308642,8.10554091300755,8.303263325549239,8.698662360036012,9.138333321817917,0.9573010911524358,0.9545506842949308,0.9515657734498324,0.9481374608011083,0.17483398651425752,0.1748991236971325,0.1664056835793819,0.15804625354032706,163.95572351424147,174.2098134699818,185.91239534886694,198.79236484434009
2,93.04901063100137,113.87484825102881,85.91276834705076,8.104849267874068,8.302923017925028,8.698274763136805,9.137968829895478,0.9573050192648327,0.954553859878432,0.951570286686588,0.9481405336701255,0.17486239395060627,0.17489695308384431,0.1664069786338937,0.1580485380321847,163.94026528857611,174.19759348960588,185.89502928512945,198.7805318127349
2,85.92972050754459,103.00850737311386,79.59221536351166,8.679336778640819,8.931161986430087,8.746332472008833,9.360569747517042,0.9544018226944304,0.9513436271525112,0.9537659063358823,0.9484011079159667,0.15810241149115742,0.15694593683136418,0.15596892028460765,0.14388596931492637,185.80434797591988,197.82692593387995,188.3856158484506,209.7913335567754
2,85.93130401234568,103.00704646776406,79.59652520576131,8.68022394487685,8.931130028607521,8.746876830320582,9.360717444480917,0.9543984024021153,0.9513414465703198,0.9537629423554062,0.9484002682554064,0.15799909674581689,0.1569344670051376,0.15594929255350184,0.1439294292176409,185.81705254095098,197.8345068476304,188.39631524551908,209.79338490349406
2,106.16306241426612,101.61854166666667,102.1556335733882,12.057097329890661,12.458035060323972,12.40098191214749,13.143992447590598,0.9268779512823526,0.9219117043424612,0.9241002508987174,0.9173012156302787,0.16255239835879365,0.1544167587184811,0.15633022241915148,0.1474561052197744,393.95577260990353,419.84761646471503,408.75800000008974,444.63810011612435
2,106.16298268175584,101.61884773662551,102.15695130315501,12.057188630493673,12.45768352427551,12.401178294576514,13.143553675323998,0.92688017464141,0.9219172886833725,0.9241059859116303,0.9173065218950808,0.1624685981508783,0.15446176005502335,0.1562320925092287,0.1474749256119487,393.9488251508192,419.82283360515606,408.73244099923056,444.6150749368182
2,86.86747599451303,108.42937671467764,77.0588768861454,8.553194659777631,8.77334734871063,8.679447028425406,9.22498479844203,0.9549840770449356,0.9534832920493297,0.9550597238097752,0.9496773133318349,0.16364834846952725,0.15887281258776692,0.15829451527420266,0.14948167779137114,190.93192506463222,196.85440620639915,190.50251162794177,212.96197191859386
2,86.86620284636489,108.4312628600823,77.05896090534979,8.552919896642374,8.773023451860096,8.678770887167802,9.224640172193013,0.9549867125716268,0.9534867755884303,0.9550642486125251,0.9496809588813129,0.1636046954328798,0.1588650614383121,0.15843876356372075,0.14947811188156107,190.92030318693946,196.83940935035704,190.48301033595087,212.94625817085495
2,89.74252572016461,104.22572359396433,101.67186213991769,11.013404823429404,11.262891958375981,11.140236003446624,11.647703009909185,0.9037340875396291,0.90043058794245,0.9023263195503198,0.8945572623109588,0.16308111606908265,0.1570200703603466,0.15841704813330476,0.1520978188907307,277.2289844961494,285.80596073853025,281.1055538329318,302.6655872984154
2,89.74072445130315,104.2258659122085,101.67181670096022,11.01365805340333,11.262441093960032,11.139770887167563,11.64745684830271,0.9037325885040791,0.900427947364471,0.9023278205781102,0.894560555774046,0.1631274455501306,0.15718130888794757,0.15856220504817045,0.15215271633632263,277.22862790700225,285.8087592073177,281.0971231697159,302.6510620361854
2,99.9237328532236,123.87741083676269,76.91460048010974,8.40553316106976,8.57949897044082,8.926047372955995,9.369274367408844,0.9373267932255254,0.9343381877825324,0.9301488024606426,0.9255795584729709,0.1828726421235899,0.1825634112980647,0.1752578138334766,0.16606695107514222,188.53700086136152,197.15561213915262,210.32209216196836,223.45460348117857
2,99.31607081618655,107.9462371399177,74.48804526748971,10.219425495264733,10.268931123119778,9.70136778639295,10.839272881802005,0.9305837133892851,0.9313059953071742,0.9388755772356234,0.9232247592353354,0.15834692306687498,0.1558437726410207,0.1588317257754363,0.14758420096182023,261.28237295440084,258.07567957880093,230.21269422915566,288.43677878970453
2,90.87181069958848,120.71745970507544,75.28317729766803,8.026923341948237,8.245582046959647,8.189425495264315,8.713299463800457,0.9485208163982367,0.9463532616850263,0.9488858143569238,0.9433489385430978,0.18366824129601028,0.18012793835751376,0.1769476416016672,0.16616459501548336,185.88906804482457,193.44842439298964,184.68392334198222,204.2819897804269
2,90.87506258573389,120.71595164609053,75.28236625514403,8.026829457365972,8.245829072291007,8.189338501293603,8.713681230221498,0.9485173134092146,0.9463523086509396,0.9488813053311583,0.9433448608826498,0.1836796423396478,0.1800891144470623,0.17698080921849627,0.16622585754738112,185.90186821709057,193.45190693192743,184.70041343672807,204.29674220230967
2,111.20930641289438,124.47430898491083,84.39350137174212,10.020277347116107,10.255635805199667,10.164877691646696,10.803045666865478,0.895659268474011,0.8915168558033574,0.8944612144415139,0.8828546719237639,0.17678477932256895,0.17326338237548952,0.1699613698272416,0.1625193071664204,266.73122825154326,277.08183361895357,270.0055615848833,299.20695972279077
2,96.67735939643347,114.0144298696845,91.62329732510288,9.1830913006049,9.724584893797651,9.545072351423292,10.120740108623195,0.9497376513874088,0.9446139501834725,0.947365901111079,0.9420244070100243,0.17942371640124843,0.1690683307766134,0.17057256533166035,0.16494403313059752,231.79132213614213,255.217840929535,242.85905167963884,267.14974571940684
2,96.68077760631002,114.01174897119341,91.62476165980796,9.183384151595453,9.724907926923338,9.545472868219196,10.120878304612845,0.9497364872224212,0.9446119860766956,0.9473669253650391,0.9420247194710816,0.179373802288695,0.1690830044442515,0.1705311623180279,0.16493219496294417,231.79690008618323,255.22688240215228,242.8542015504427,267.1482963889686
3,88.71219564471879,114.97114540466393,71.91650720164608,6.019467700259693,6.5865832423549,6.61833591731414,6.382825347909115,0.9674979077844744,0.9644957213324645,0.9635089218704748,0.9637602400462711,0.2525206528733807,0.23653431258430688,0.23969749609089472,0.2470864003604919,126.68569509046618,138.19540221943998,142.09452196385672,141.05836534875186
3,105.78254029492456,138.90638203017832,79.89974451303155,7.320524547805353,7.626076201269753,7.513305770889073,7.630155574136265,0.9513945693640629,0.9490382576284705,0.9537719683853142,0.9497159783763308,0.2289481631069639,0.2232633178399667,0.2197035176370479,0.2175762960706874,190.1193600345019,199.1911302359243,181.15657708876472,196.5412195450824
3,90.34816615226337,119.32201731824416,90.46203617969822,8.297130060295851,8.421323295699972,8.388427217918743,8.517499067178994,0.9654138130829069,0.9650945370797457,0.9674867397318954,0.9652403467883802,0.23179524907590884,0.22757482308817065,0.22384391289687278,0.22479586301528878,265.19173126625157,267.5679837896711,249.27458225677262,266.45174714285673
3,107.51822702331961,144.79153377914952,90.83061985596707,6.976397071492345,7.430789720983715,6.878826873387364,6.924531170106933,0.9624925337837352,0.9605705853476437,0.9646317523896324,0.961256777803392,0.2586872873906528,0.2447559446511101,0.264993254480941,0.26425502840947046,189.89702756250978,199.49413012537357,179.15744530583333,196.022306560196
3,87.50085390946502,119.97614111796982,71.47519975994513,8.437577088719598,8.883232162354608,8.999434108530412,9.081428531945901,0.9561767665701448,0.9533164518263716,0.9537297953851067,0.9512882315799978,0.2139496146034365,0.20511116584783737,0.20247101578190746,0.20322385792601205,234.9831515935378,249.76287036530118,248.1450465117211,260.6137629386448
3,71.80425411522634,98.85684927983539,66.52696416323731,7.104657192079335,7.7365777145167405,7.647757105946794,7.6009979477914555,0.9669731241117321,0.9627049432729089,0.9652868872950938,0.9647514140370945,0.23791479459265882,0.22202096315919834,0.2215343176032565,0.2210635072520663,225.86314298030535,254.04954671721157,236.88019982785283,240.1071839458295
3,114.4373182441701,145.1449794238683,98.24285665294924,7.0176029285122326,7.40736377330487,7.02183893195771,7.395514330925702,0.9498534523504227,0.9441869228251212,0.9485436241049947,0.9442023312246789,0.31968905885419774,0.3095790401533265,0.31790742036857206,0.3103549238565383,245.71246942299445,273.2406354943064,252.16891042213908,273.16506388114163
3,90.04945644718794,119.08739711934156,90.07730366941016,8.323693367789472,8.43827735244334,8.400214470287374,8.533806193946301,0.9652410617714822,0.9650363779003449,0.9675153917100967,0.9651678160921192,0.2312204325389731,0.22687209347724477,0.22358737177765545,0.22449739722419595,266.38879069777556,267.88529473755665,248.94621102507858,266.87966584215883
3,95.36397890946502,133.02830504115227,80.15195216049382,8.353007751941071,8.71412950346374,8.707565030149471,8.903233440667547,0.9548160234784283,0.9533735946912218,0.9547224604599123,0.9501105684959218,0.2314966929584371,0.21970220091488046,0.22026680152093667,0.22054829098191378,256.072647717584,263.74390901180846,256.5943505599555,282.20176441735475
3,86.90115569272977,119.53580161179698,70.56776491769547,8.453794142983,8.907576249639309,9.027353143844826,9.109063411231777,0.9557378587294673,0.9527444960047122,0.953101463509714,0.9506649116761469,0.21324502737296316,0.2041900746257379,0.20143861738652094,0.20193359887037537,234.966560723597,250.28679295481564,248.99195262713724,261.3011972955478
3,101.72965620713306,133.40485339506174,95.93129458161866,6.997258397935277,7.362349884607931,7.384937984498666,7.52851501499571,0.9643524603583616,0.9609195710174318,0.9635174935915871,0.9620117263259182,0.263874693985854,0.2537425158947797,0.24966587697941148,0.24789702762191865,208.46410766587863,228.34706886309957,213.46027304055806,221.9663596412772
3,99.98657407407407,132.57025891632372,90.05402091906721,7.347009474593524,7.5934990879080955,7.662627906979199,8.044312544051737,0.9627116335423114,0.961151370691048,0.9627581219417833,0.9574713008056188,0.25437904991148996,0.24638253924871284,0.24014692842683052,0.23310695812850799,223.3063583118845,232.32126853557654,222.89913781230328,254.3281221929385
3,115.71856910150892,146.0064557613169,100.56793724279835,6.94275279931338,7.336182473986175,6.945775193800906,7.321574294165501,0.9504429546005513,0.9446960072372713,0.949101558724691,0.9447104270251978,0.3242825038009889,0.3139520814636612,0.32260473941091966,0.3151034456532389,244.18153660645999,272.31221237964354,250.8427398795038,272.24081083046605
3,106.66948731138545,131.3557304526749,74.79517661179698,6.407736434110252,6.842770967787483,6.723641688201562,6.725352745264198,0.9633857375110355,0.9594575884099803,0.961916795295369,0.960930529819868,0.2681284209433192,0.25736790797463427,0.2567639870506022,0.2565708138520706,153.0610387597301,169.16289852270606,159.1257743325124,163.01702747338126
3,94.85730366941016,132.67768432784638,79.3450300068587,8.392697674421667,8.748776965494374,8.741417743327887,8.939173035200442,0.9543719767413875,0.9529763791141147,0.9543303316899275,0.9496866614621553,0.22982564618512422,0.21824911792002805,0.21873364207544124,0.21880411675057623,257.24687683041594,264.5865763326033,257.47160206727807,283.0972122414564
3,98.12860510973937,130.3443887174211,77.85441872427984,7.592291989666555,8.000371401723632,7.836326442724475,8.110656120011072,0.957196437076579,0.9542819851578968,0.9575906107454067,0.9519966750248111,0.24142999322553357,0.2317032330091407,0.2345794370178371,0.2317170126155779,213.9638062016226,228.15111558716933,212.10253316114455,239.5556506613089
3,102.23446587791496,133.7448602537723,96.68689557613169,6.9598837209325755,7.32321450781659,7.343257536608897,7.486812647698433,0.9646512371786228,0.9612717708905958,0.9638395191433201,0.9623561989018437,0.2650969229730982,0.2550218548980193,0.2517796359665457,0.24944106479528283,207.16292592599928,226.79943097805693,212.04204478905172,220.4495740108961
3,129.3702271947874,155.28971536351165,108.36419667352537,7.36544530577364,7.708082565196058,7.425180878555875,7.612865528394276,0.964940755805058,0.9631996513818334,0.9661788183543137,0.9629430219978832,0.2705130614590504,0.2617708749065719,0.265081440982843,0.2606185536795014,238.39090439286534,249.79102434328166,229.85756503023512,251.53138862790934
3,108.59124314128944,143.88212191358025,88.61864283264747,7.382382428942573,8.068076208179917,7.890320413438781,7.699375354128637,0.9565940916137947,0.9513416862673522,0.9543891280193264,0.9550095060592667,0.2533042433654222,0.2410750070127105,0.24511437655373672,0.24504362644589917,201.18831007757657,225.26765885632125,211.46151248929164,208.2869916115315
3,101.60336248285323,132.3286822702332,93.27309070644719,8.390988802758933,8.725191228702272,8.057503014645205,8.343691698568705,0.9545874519200079,0.9502995817510506,0.9557692696360496,0.9542496411629028,0.2789746981891768,0.27227700729909327,0.2977060913950139,0.2821086981536945,287.5976020672754,314.4995448170057,280.06000775203495,289.5052134437612
3,97.6637457133059,130.02690243484224,77.1146836419753,7.627677002586517,8.03729564268218,7.869684754524733,8.148567598570079,0.9567789063729077,0.9538958409338519,0.9572737539431142,0.951593351206538,0.24031349726040996,0.23003770926191916,0.23297126595927362,0.23054226545261627,215.24729629636948,229.20316365173318,212.8921326443491,240.6498009978165
3,104.12344050068587,135.67893004115226,90.5519933127572,5.377183462533789,5.817235803817706,5.546313522826716,5.8023875084652845,0.9690833060460895,0.9635968522096308,0.966321457910051,0.9634465977456139,0.36205967761619623,0.34872793092082904,0.3623850444554538,0.349845617836722,177.67874590874942,209.04971082491912,193.54336089583518,209.91207193794855
3,96.2047342249657,134.65240569272976,88.66675840192043,8.199375538332218,8.522268556268344,7.850421188633488,8.086277483729235,0.9556435745454432,0.9525794664842567,0.9583172499371982,0.9553952381964504,0.2665513741111757,0.25814411949407673,0.28555177819299654,0.27315455785164044,272.80775624472784,291.2491967358655,256.28339621027203,273.956032945977
3,132.44412465706446,157.58434756515774,113.04639317558299,7.1717433247227085,7.515757797710633,7.2392523686503685,7.418860815910803,0.9666288625077714,0.9649056801621528,0.9677202547095068,0.96472815146638,0.2770059988113266,0.26843892271491593,0.2715366992439329,0.26717265414150637,231.2863100776123,242.89950560390267,223.64028079250403,244.12678359204344
3,109.20041923868312,144.26104509602195,89.74558899176955,7.33958225667733,8.010239459102328,7.830445305773083,7.646061068809125,0.9570367970343541,0.951904905329229,0.9549616999797617,0.9555224748623209,0.25493824948608734,0.24325424223118539,0.24708889516445515,0.2469591488792705,199.86010077524884,223.4900559348578,209.57099827740493,206.6794302179621
3,102.47257373113855,132.9763820301783,94.6361025377229,8.296297157625407,8.63485078288207,7.970111972440298,8.25687179558235,0.9552735785221508,0.9509804639924718,0.9563193662705168,0.9548866844497642,0.28269977083580694,0.27530252650661174,0.30163562733960364,0.2856887472093992,284.05793023264624,311.10106531838426,277.3429870801948,286.3116354113945
3,95.96639574759945,124.99592421124828,83.17621742112483,8.550370370373253,8.796686923897418,8.602488372095946,8.71882298475886,0.9559198463476022,0.9543355852793792,0.9565952234392406,0.9540648244070032,0.21118918702811443,0.20372355634922518,0.2068513960757243,0.20631369264478497,248.2273798450466,256.7866504402033,244.3448811370387,258.3106939512058
3,106.06044067215363,137.03150977366255,93.78808556241427,5.271144702843843,5.712712994569603,5.445231696814569,5.6986748732059205,0.969838291522394,0.9644357179034789,0.967095959710829,0.9642963035965068,0.3699809182768734,0.35555206187480687,0.36937218809880973,0.3565990621473494,174.55386649444932,205.71116692695912,190.423422911333,206.516850409775
3,114.61665723593964,142.08696502057614,99.38258659122086,7.220676141259433,7.557604407071569,7.254975882861661,7.280111178674951,0.96047466099371,0.9590866473696874,0.9643415493011127,0.9620092346329061,0.2417661317625007,0.23078146052894366,0.23378414055243232,0.23595406852287523,205.59394229118695,212.91523835356503,185.7321593454442,197.70658054755697
3,100.43145061728396,132.94145747599453,90.78015775034294,7.308911283378954,7.551729350065922,7.624313522827702,8.001759407693612,0.9630932124607215,0.961565583272258,0.9630984089530675,0.957922514555127,0.255497601433417,0.24769698644499974,0.2415162732226273,0.23418682487298947,221.877310938922,230.74768435349057,221.7229888028314,252.61915862830847
3,96.43527177640604,134.95624742798353,88.60608624828532,4.318941429802798,4.664796126366952,4.0278527131791,4.386013356642926,0.9829038218484726,0.9791315194716277,0.9849263220281061,0.9804004550456719,0.3533137328983169,0.3435603113407944,0.3748491312730444,0.3605910225327099,101.51063307495656,123.71866492310778,89.4770017226712,116.19594895732462
3,96.53706790123456,125.41987997256516,84.02030264060356,8.488267011200131,8.746459591494567,8.5444944013811,8.665776454169078,0.9564228432963181,0.9547395986506627,0.9570549260731551,0.9544863102407095,0.21295559088716962,0.20501544041606265,0.20857854731348896,0.20747116891331907,246.20251335064376,255.37347898043973,242.54687683040345,256.8038256105252
3,116.49679955418381,144.62893861454046,94.69014917695473,6.613478897503968,7.2639664321950645,7.272596037900329,7.40752356241721,0.9607594758398639,0.9511422412232079,0.9507511682182674,0.9493331493815009,0.2868377051737227,0.2764963590997726,0.2795239211110912,0.27026287484938516,193.30822997421473,240.54999067180097,242.66489405691297,249.456324021257
3,116.60422582304527,144.91932956104253,76.2136865569273,5.939982773472422,6.460923356505076,6.25925495262849,6.265522000802291,0.9576778972578169,0.9528701403939627,0.9560216356220061,0.9545217824526014,0.29148523333460663,0.274301299109508,0.2841548544210067,0.28080493418825014,128.34884409994226,142.66416301600628,133.45210766583676,137.66562875721996
3,114.61367884087791,142.08125600137174,99.3768792866941,7.222612403102769,7.560648173741479,7.255392764859956,7.279627492711599,0.9604560262781932,0.959061191239119,0.9643208501058952,0.9619989336571545,0.24139636933623237,0.23075985456301287,0.23402940482712478,0.23572726223403423,205.67688630496693,213.03332855408456,185.82845564174343,197.74689922751165
3,106.23704561042524,139.18903892318244,80.76232167352538,7.2806227390198055,7.581224692860482,7.4766571920778135,7.585030264923131,0.9518930570732509,0.9496054272543086,0.9542191769878107,0.9502891784560334,0.23039924921391808,0.22490785381418815,0.2203585974790564,0.21916252522084267,188.72244875112514,197.56842428934888,179.92440051684673,194.8869902295692
3,88.80459362139918,115.04324159807956,72.06070130315501,6.016063738158041,6.583429782618359,6.6170008613278375,6.379727166568287,0.9675768751016761,0.9645780350453319,0.9635918476389734,0.9638424626134708,0.2529050303348531,0.23654967503545918,0.23920652728833677,0.24718909114762946,126.57617915592735,138.09602807452967,141.99580878556245,140.96395589476455
3,107.55505229766804,144.82726594650205,90.86339077503429,6.975394487512955,7.429044996615709,6.877904392767242,6.92383932643426,0.9625582365593442,0.9606537527277218,0.9647023231389573,0.9613225848290468,0.2587079917014629,0.24449502409564658,0.2650538780197245,0.26395825495412506,189.86335486655761,199.38735472149511,179.07748923348296,195.99806611990425
3,102.08781893004115,126.82509516460905,87.77994598765432,6.401124892337028,6.861836831996901,6.6296985357480995,6.886860670805187,0.9751838314594693,0.9716789252129189,0.97484865648027,0.9717574945005927,0.27656064991238294,0.2634644770498081,0.26543131721093055,0.2636171422636576,192.07685960387715,218.89108428578615,194.79388630500088,218.2850447755529
3,116.96393689986283,145.14646604938272,76.97903206447188,5.913074074075357,6.441294343638991,6.23959173126758,6.244221680187603,0.9580557984215532,0.9531436113259171,0.9562562614290852,0.9547860960887199,0.2931485807825373,0.2752820720606602,0.2854473826329249,0.28243960225897674,127.74128596040703,142.44138935339828,133.2954229113148,137.44933907769553
4,124.81591735253772,146.75200445816188,123.34502229080933,7.843093884583095,8.125139059715533,7.359305770888645,8.084855792486374,0.9453327687791371,0.9398971358936313,0.9466728901147722,0.9373962623006707,0.351669460174314,0.3410053305998089,0.36323410091806324,0.3505278510359446,313.8912902670398,345.47052711408816,306.5492385874831,359.84283661092843
4,130.8979561042524,141.5310896776406,100.5306927297668,7.179919896642419,7.514050213513784,6.979456503016708,7.423643260874004,0.9674246295263912,0.9641018418756299,0.9697870527251092,0.9659591244710378,0.2991093763158608,0.2958108042987361,0.3143108369124053,0.2941730198940483,192.6034031008225,212.01699378811247,178.4961438415673,201.0474254087426
4,124.819451303155,146.7493955761317,123.3443072702332,7.8439043927658085,8.126140980639887,7.360414298020507,8.085507041087237,0.9453263203108322,0.9398907054813521,0.9466700986902763,0.9373909434027017,0.35167437849331834,0.34100079061905425,0.36316261785295784,0.35059501157226364,313.9360938846177,345.5160730573465,306.5730068906717,359.8823502992413
4,130.89575360082304,141.5325257201646,100.53046382030179,7.180104220501152,7.5137332264627625,6.979492678727307,7.423747771591003,0.9674232158822514,0.9641022221632131,0.9697857293408674,0.9659585721409216,0.2990981466448487,0.2959404612925584,0.3143559818875869,0.2941604635012386,192.6136838932431,212.01680463235255,178.50579069772613,201.0526379887217
4,115.97684242112483,136.09271433470508,106.53759430727024,7.062573643412973,7.356803906802081,6.82901205857228,7.0779960890550235,0.958407914493476,0.9545001923016116,0.961730470447814,0.9592824417363232,0.3082181997423835,0.3071267438103575,0.31222347743551626,0.30147219216628823,222.7617157623395,243.3403810409281,204.94343066328128,217.76221307061513
4,115.97925925925927,136.09336762688613,106.53773919753087,7.062162790699768,7.356612159866514,6.828827734713575,7.078327759429905,0.958410658591911,0.9545017953709583,0.9617304476774912,0.9592830965279591,0.30830357590441637,0.30714915451010566,0.31233962275011123,0.3015496420256443,222.74831610686974,243.33318621222313,204.94462790703898,217.75995356618716
4,123.45017661179698,141.53961334019203,85.8093029835391,5.676534883722109,5.934796540954833,5.698434969854738,6.060415831732993,0.9662362900106737,0.9620267562647721,0.9651476145409003,0.9619000573315801,0.3677867474198797,0.35852748291643066,0.3664772174786133,0.35446262423252634,166.9704160207059,187.72731080970357,172.43608871665887,188.353071751371
4,123.44569873113855,141.54061128257888,85.8084122085048,5.67662876830438,5.934706713561552,5.698935400517957,6.060645582565666,0.9662351524488512,0.962027273868585,0.9651474724742396,0.9619010648622206,0.36781191950263914,0.35862825904899187,0.36635958087600834,0.35446689810800847,166.973009474626,187.72115590581603,172.4334556417239,188.34448287062088
4,126.00923696844993,155.43651406035664,128.19031978737996,6.627667527996049,7.097924814473848,6.48933850129494,6.751445875542634,0.974431580378157,0.9705089768839483,0.9763535625074046,0.9744735953160361,0.3454850924046117,0.32932714361623705,0.33944046608713396,0.33450520030659603,217.05385529725748,250.14011605015057,200.81371403971545,216.51175702387152
4,110.6305744170096,143.56601423182443,88.97025720164609,8.007620155040344,8.294957746577019,7.942378122310077,8.293397859344907,0.9469489189192125,0.9462133926153274,0.9498375347091875,0.9430394047830052,0.27087398541031193,0.26035775692712515,0.269952372916436,0.26413560788937873,235.34476744190823,238.12027801580572,222.43925839797774,252.17148999463328
4,108.51036608367627,136.26115569272977,85.77197359396433,11.334687338504004,11.445249340115824,10.984942291130858,11.449045411203949,0.9188485864913615,0.9183502936739235,0.9262161626283535,0.9185464547041553,0.20905860717707875,0.20291801658189826,0.20979154490921056,0.19994676205257578,332.2979896641592,333.2237038944021,302.17269078387534,332.4235586158673
4,103.55063957475994,119.41537465706448,71.58289437585734,7.1776416882025895,7.62515028814049,7.386724375541519,7.581601276932892,0.9705382742578089,0.9664005587475838,0.9683732368765077,0.9657744148188371,0.2753269744997381,0.26278381713061594,0.2707463840350228,0.270060495008864,193.69371059439734,220.31969741993083,207.49459345401414,224.42478165038895
4,172.49221364883402,172.29911951303154,96.8533024691358,12.055173987943826,12.477371270436992,12.082939707151402,12.448202415667208,0.8734437148841924,0.8635559711772907,0.8715181256524057,0.8650984254218931,0.23475439188123157,0.23153569802484103,0.24705931070851742,0.2336809142097958,406.78825064607116,437.7093055997373,412.70478983642823,432.7606687304293
4,108.51208076131687,136.25786351165982,85.77507287379973,11.334828596040477,11.44542208510272,10.985237726100662,11.449299346334712,0.9188469399618748,0.9183473178715565,0.9262135112077349,0.9185442871443925,0.2090539234979526,0.20295639353678832,0.2098069602100434,0.19993378461772524,332.3058725237575,333.2369344329547,302.1843195521788,332.43348799771934
4,108.76042009602195,134.01201474622772,89.59975394375857,7.791581395350461,8.140848488827805,7.633863049097297,8.01571806636273,0.9519523501337167,0.947975985041866,0.9529922760331869,0.9485798929476019,0.22127731646587692,0.21404707925513633,0.22264455822255746,0.21657325431709556,189.32649956937493,204.92393433619856,185.25257622743564,202.5450829867147
4,108.76203703703703,134.0092232510288,89.60432441700961,7.791652885445212,8.140915859372663,7.633030146427183,8.015244745098451,0.9519546018325418,0.9479767944120654,0.952997005660186,0.9485840035008917,0.2212231069444148,0.21401440257621282,0.22270289509885408,0.2165608021785908,189.31849009478486,204.92195467864636,185.23495607239605,202.5300956316479
4,81.02880315500686,110.6204561042524,70.3709036351166,9.397763996556751,9.871216884787378,9.023945736436177,9.538923764183608,0.9482598708098063,0.9439077387322872,0.951897680991095,0.9459405180090926,0.18603280303746286,0.1774484880274075,0.18891973248336502,0.18454586967037614,269.10615159351386,291.211785354025,250.2966106805088,280.65825427374324
4,81.02756258573388,110.62027177640604,70.37198388203018,9.397984496126202,9.871609879632649,9.024199827736762,9.539674341151814,0.9482623796401012,0.9439123315604822,0.951900869267782,0.9459392679094788,0.18606338555823407,0.17741176129327296,0.1888338125920458,0.18448273415577465,269.10030490962276,291.195888496603,250.28706804485086,280.67240467934806
4,75.66019890260631,103.29076217421125,80.02561985596708,8.881471145566673,9.25270345904768,8.625075796729542,8.943032158208638,0.9644230761581052,0.9620796490748785,0.9665899547611729,0.963003522484098,0.19969986120035937,0.1889914602257465,0.20097478814459674,0.1989268405001774,236.20577950050298,251.42557800477866,221.9182523687159,245.29975573863118
4,75.6574108367627,103.2934379286694,80.02401920438957,8.881750215334215,9.252738008045084,8.624480620157502,8.942942330815537,0.9644212061822952,0.9620782646375485,0.9665915597763264,0.9630032167232124,0.19962734768835486,0.1889921520279151,0.20096789132167242,0.19896424558094108,236.2158966408988,251.4324048866576,221.90572609825827,245.29948798390035
4,92.44305469821674,113.07842849794238,79.47644633058985,9.250336778641092,9.593276246874666,9.323961240312293,9.357498341649338,0.9512056878681109,0.9486133919982656,0.9499475186558735,0.9484011684340676,0.18807383970573888,0.18134266958399894,0.18604277596414057,0.18791256052624183,242.3432773471684,254.93476371943595,248.60496210169882,255.98764095993806
4,89.71564043209877,118.73849194101508,81.09708762002744,7.640370370372846,8.07645865867128,7.350707149011778,7.597169055155668,0.960954261908497,0.9578304198054646,0.9622916036438653,0.9589898465241716,0.24207619250030554,0.23297258867713524,0.2506940337633589,0.24664291467858218,227.9533522825867,245.74539289123356,220.03676916458173,238.98819460763488
4,117.0715663580247,139.69496399176955,92.27143689986282,8.001653746772504,8.742240295187589,8.121177433249805,8.164134513067912,0.9467645856921835,0.9374534162440751,0.9462140584749689,0.9462800317775788,0.28594142180374404,0.2747099596221537,0.2894478770821094,0.27958987655808376,276.55742118870944,324.75254626114304,279.7487812231694,278.92211014915125
4,172.4958367626886,172.29838134430727,96.8514231824417,12.055121447030798,12.476624148368444,12.08313608958032,12.447815466896412,0.8734429653467894,0.8635596121742354,0.8715185412930924,0.8651039809691822,0.23481391937590987,0.23169821082632586,0.24710247937017418,0.2337210608401118,406.77982084417533,437.6855885767545,412.692462532376,432.73096177502106
4,89.71370027434843,118.73976251714677,81.09797753772291,7.640645994834534,8.0770477190767,7.35115934539426,7.597432491260812,0.9609519161929525,0.957828168780403,0.9622882136888182,0.9589859127440619,0.24207617357283345,0.23292361547150722,0.25063608644277424,0.24660666056481365,227.96674074081082,245.7581138320704,220.05615676148417,239.0107283274569
4,96.48059585048011,119.86866769547325,81.7139317558299,8.84429888027829,9.380361140671685,8.693913006032098,8.987360249307821,0.9506002104178862,0.9458682170022809,0.9509173985874638,0.9477738331248374,0.2233786799529678,0.2188459563229455,0.23099015368042441,0.22881418432144787,295.57704134375825,323.3147076809871,293.35047114565293,311.9328315667961
4,96.48463648834019,119.8676603223594,81.71480109739369,8.84470628768584,9.380692811046607,8.69427993109655,8.987108041626646,0.9505972082995336,0.9458653694290119,0.9509167748464662,0.9477710316506014,0.22335500512734524,0.21887920973080907,0.23094094032375245,0.22887063656317883,295.60225839801956,323.3395967787077,293.3613927649465,311.9571678805561
4,96.5597762345679,120.70864454732511,86.44543810013717,9.109448751079984,9.423825506835897,8.84782342808261,9.200523244567632,0.943467177443845,0.9391655055017283,0.9448530968253037,0.9410057675497139,0.20270176031317336,0.20115014153250968,0.20927034870984906,0.20591647232152252,309.12098191226056,331.81924396436204,300.99881223094854,321.78103968305055
4,96.5596536351166,120.70703789437586,86.45009945130316,9.109152454783585,9.42379959508792,8.847689061157404,9.200551747490426,0.9434669265550659,0.9391643349574643,0.9448518973071751,0.9410035843106249,0.20274449970375408,0.20118785832491626,0.2092591500674129,0.20591550613941575,309.12298363491135,331.82666508900377,301.00634711466614,321.79397396393887
4,94.91311814128943,111.48055126886145,70.50044495884774,7.380179155902354,7.625832630838483,7.290233419468288,7.6685351916097915,0.9587177094816366,0.9558018658485641,0.9600681094311171,0.9548930090272582,0.27622205567637553,0.26965361659160514,0.280885169859693,0.2724301280194583,232.3067734712195,248.35630726499517,224.68653488379158,253.46324332170798
4,94.91120713305898,111.48188957475995,70.50506772976681,7.380124031009927,7.625482822239842,7.289950904395059,7.667618779453992,0.958721246055269,0.9558037098935105,0.9600719285891033,0.9548988892669753,0.27611056908289555,0.26967977417158273,0.2809075695027134,0.2725653953677559,232.28779672703172,248.34706281701958,224.66614211893113,253.43133300399563
4,142.10538751714677,156.294308127572,114.80947959533607,9.793434969856925,10.335770477192304,9.876074935403935,10.051695664793161,0.9410167575528758,0.9357433043416393,0.940407035745016,0.9374759828094897,0.2517123038659799,0.23586270757345593,0.25233354209414394,0.25471335986338606,330.93422739028733,360.5135768922876,334.98342549536784,350.7915313497952
4,142.10774777091908,156.29432956104253,114.80883144718793,9.793159345395136,10.335568365557545,9.876130921622673,10.051524647256171,0.9410210638963166,0.9357446185997118,0.9404064956973899,0.9374777952993363,0.25169841491992884,0.23596072100473847,0.2523493869152762,0.25474596428652563,330.9093695091513,360.50542332890336,334.9857519380897,350.78060350192686
4,117.0698482510288,139.69475394375857,92.27346965020575,8.001169681311687,8.741993269856307,8.12104478897748,8.163744109397477,0.9467678609608187,0.9374556136828587,0.9462160272441792,0.9462820666780768,0.28594770707314343,0.27474227638167126,0.2893089849997313,0.27949402342907925,276.541608957873,324.74263760869053,279.73982859611743,278.9128233786551
4,103.5540749314129,119.41441529492455,71.58105452674897,7.177140396212853,7.624941266706429,7.386541774335655,7.581698014125657,0.970536291199638,0.9663977052948809,0.9683720822965718,0.9657751051518779,0.275514358493546,0.2628821183808825,0.2708926164134792,0.2700492983427878,193.70673729551257,220.3383970647691,207.50224547813173,224.42024363958188
4,121.02724879972565,130.05198388203019,66.74250171467764,7.952869078383348,8.326589081135973,7.928173987944206,8.206167687014977,0.9434152649636977,0.9367703346879019,0.9436255996437967,0.9407109744642957,0.26498541393925856,0.257855151117244,0.269964241711313,0.2597399763426677,197.8346382429583,220.98594114926624,197.60349354011606,207.21335906084667
4,121.01894375857339,130.05454646776406,66.74362482853223,7.953276485790753,8.327284379708411,7.928417743327494,8.20659350340779,0.9434122980623008,0.9367664667093151,0.943620408981639,0.9407089726780615,0.2649293078479958,0.25781882299314174,0.26999862981804645,0.2596116259417727,197.8425340224597,220.99687331576558,197.61943927655284,207.21791866477687
4,119.40518775720165,137.60985939643348,74.15922410836762,7.097532299742954,7.457719800721666,7.043413436693709,7.454004919777537,0.9523688816082303,0.9468962542704752,0.9521280997881558,0.9475389771916974,0.2867542448518264,0.2733485957260201,0.2851112609190463,0.27614126655016624,181.51915676144586,202.1753646646734,182.4934031008056,199.72897175274755
4,119.40375342935528,137.61026320301784,74.160033436214,7.097773471146863,7.458187939636284,7.043283376400967,7.454281311756663,0.9523707499189165,0.9468957590162282,0.9521277212358122,0.9475376399797754,0.28662855585037567,0.2732567228904509,0.2851540657060887,0.2761863965617426,181.5150516796178,202.1806264769769,182.4979672696284,199.73739825320985
4,102.8601140260631,137.42723079561043,86.5087757201646,9.210032730406368,9.5228645264718,9.078645133507226,9.574167196418426,0.9363992675894267,0.9324807989108935,0.9378607917711115,0.9307871693743474,0.2547943033076438,0.24683598510163793,0.2566387583008773,0.24678843432209577,252.33961240314758,267.3565663824501,246.79340310082026,274.061024757821
5,100.72786179698217,122.59569187242798,86.66852794924554,13.814025839796098,13.921992682523987,13.738001722655838,13.870835982091306,0.9037309035249679,0.9017278740710896,0.9035110811392693,0.9019104083046425,0.1547349656239574,0.15194671746557276,0.1564050465605361,0.15389811417130242,450.945676141345,459.80244278691333,452.24840999148756,458.9486558712969
5,107.6812122770919,116.35798096707819,80.05599365569273,12.385748492681769,12.609504774672594,12.366652885446456,12.674911209078369,0.9207372788055216,0.9177986262445291,0.9193755939698066,0.9158368991331655,0.19510746551952884,0.19241931716099528,0.19948377370285794,0.19379822409443836,424.42976399664997,439.52570099919564,431.6716020672865,450.014821519923
5,100.72388374485597,122.59874314128943,86.66718106995884,13.814356589149977,13.921208420283213,13.73861240310377,13.870996634929277,0.9037295050304676,0.9017318906638173,0.9035106105761552,0.9019141920384658,0.15475553112334997,0.1520816114474355,0.1562868934661947,0.15386828739826724,450.9535348838079,459.7845032200166,452.2515391904471,458.931802870375
5,105.88996570644719,125.29621827846366,80.92434585048011,14.450193798452512,14.59121539918054,14.072294573646216,14.42590622020289,0.8595722292096373,0.85693672392611,0.8676262618818699,0.8606529227029822,0.16512395546300795,0.16189931083554795,0.1666825128910218,0.16272754508659626,523.7265348838248,531.4339656376176,492.0976985358444,517.6294153619123
5,105.89693329903979,125.29134859396433,80.92769032921811,14.449939707151776,14.590280848801203,14.072052540915859,14.426001229945667,0.8595783444646071,0.8569547065059053,0.8676327058196247,0.8606561285550729,0.16499746454289244,0.16173409820347845,0.16676924709075772,0.16268522621050702,523.712397932915,531.3759526886525,492.0817734712475,517.6260658366149
5,91.3660425240055,108.42856224279835,85.07130229766804,11.280094745912068,11.407067515652956,11.164771748495932,11.293057551722205,0.9325450016526585,0.930517878181188,0.9319508400564248,0.9301776481786105,0.18855255690144346,0.18685529038098794,0.19157953230879085,0.18999718929853265,381.2503204135398,391.64736097489566,384.123956933784,393.563914781501
5,91.36789180384088,108.4266598079561,85.07215620713306,11.279716623603612,11.406847265794651,11.165062876833472,11.293365901523705,0.9325470085589023,0.930516901818497,0.9319517987326612,0.9301775371740756,0.1886430694570992,0.18695017840062483,0.1915575036433746,0.19001580924019743,381.24089836358354,391.6546810437132,384.1200895780515,393.56634962209233
5,120.47137945816186,140.4525591563786,99.1560048010974,10.961106804480243,11.111147579497862,10.72613867355866,10.937126007103796,0.8896515845287392,0.8857499271255854,0.8936393531617336,0.8902190026667092,0.22780459385196455,0.22314458158627679,0.23179902238077518,0.225740962176719,326.1679009474961,337.0062585508925,313.81762876834443,323.8239193073818
5,79.34174725651577,105.18650548696846,76.86931755829904,9.6099853574537,9.8343263291022,9.483919896644132,9.541296416580069,0.9464129749718933,0.9430558343396217,0.9457034601187072,0.9448437048495759,0.1935757823604209,0.1889789720408536,0.1955781101211731,0.1972178602997303,306.6014151594391,324.6857604580426,309.83548062025886,314.49044547483453
5,79.33971536351166,105.1884962277092,76.86666152263375,9.609635658917906,9.83449216428979,9.48421791559329,9.541296416579973,0.946412804481978,0.9430547232905111,0.9457021893144008,0.9448431249370604,0.19359865318662128,0.1889904242598535,0.19549157391436858,0.19726267275468368,306.6049000862301,324.6947829287183,309.8452067184482,314.4963550808389
5,89.1964274691358,108.77352709190671,76.83594050068587,9.604406546084006,9.814182536174247,9.330990525411982,9.57978659084518,0.9459288906785196,0.94434080462012,0.9485048839695337,0.9443798815620589,0.19459508418451416,0.18996096013422123,0.19792831122891016,0.19629091246620214,295.55178466847786,303.14011777756554,280.66671145572275,302.92724240272366
5,95.75743569958848,117.90684842249657,80.05314214677641,12.865152454783932,13.040205531988128,12.94199138673924,13.007637919599974,0.905033106366565,0.9026261574995363,0.9069232242492017,0.9044806907251605,0.1456607594879338,0.1406311368309941,0.14238230594173007,0.14057987007775152,411.2735159346476,421.0433702202163,403.39867872534825,413.02195675162267
5,107.89188443072702,123.2200891632373,81.48119341563786,14.70332816537804,14.746082143698233,14.71315934539523,14.902401673555586,0.8523543824677366,0.8527754446150617,0.8544370464410789,0.8484486368225383,0.19791161508907498,0.19274176642710944,0.19392433313974466,0.19101321998213167,519.4933126616154,516.6686353837624,511.9440223945989,531.8525854742837
5,89.19622942386832,108.77462534293552,76.83343792866941,9.60478122308658,9.814233495945565,9.331024978469749,9.580203769988758,0.9459300274482104,0.944341814609074,0.9485056739750265,0.9443783870567353,0.19443007045059044,0.18990859699532867,0.19781481411306487,0.19624617182698956,295.543780361844,303.13265260295555,280.6605564169646,302.93341889973686
5,83.67452674897119,113.98954475308642,96.23959619341564,11.464223944878503,11.845348322994116,11.263987080106723,11.407916557263725,0.8988713456507541,0.8917227212694598,0.9038734371345079,0.901403649214233,0.17911255955695513,0.16922387208934017,0.17350232689430006,0.1726618572326664,396.0443669251769,422.8713170769414,376.2447777778861,385.0647862799626
5,83.6769633058985,113.98753943758574,96.24503172153635,11.464450473732864,11.84512461823538,11.263101636523666,11.407639301559756,0.8988717611273439,0.8917283928648262,0.9038778273633508,0.9014051799794845,0.1790247945432285,0.16915436481340332,0.17366947274426459,0.17265074701951805,396.04647286832426,422.85349756780533,376.2323643411947,385.06271074894454
5,106.40953189300411,135.664594478738,116.7134413580247,8.326434969856315,8.587928925804436,8.212461670975898,8.553856704580214,0.954482737068567,0.9529642917066348,0.9572903524053372,0.9516866608095904,0.23723668529551392,0.2262515481906994,0.23253376285768895,0.2271155605636579,250.80401808793712,258.23190669011865,235.2787683032642,265.2467109355019
5,105.07018004115227,132.45566958161865,82.2881627229081,10.294742463395792,10.597699382264942,10.190758828598405,10.527101961002142,0.9218505940528704,0.9178084653433725,0.925031973163429,0.9177976606745637,0.23204984407551182,0.22489884531151846,0.2343771050922167,0.2278892816879739,339.3771696813796,356.291617722282,325.8186692507196,356.33820186291166
5,105.07257716049382,132.45379115226336,82.29171724965707,10.294861326444982,10.597638921519453,10.190942291130568,10.52693094346508,0.9218482153377905,0.9178082756467469,0.9250319997461001,0.9177962450571282,0.2320820974843771,0.22493798710335075,0.23426388598008668,0.22787670956649625,339.38371748500083,356.28836493417043,325.8147269595913,356.3402627106092
5,91.0292524005487,122.95920953360768,99.73190586419753,11.515870801038048,11.662085757524268,11.372989664087253,11.792925401807791,0.9353286348134233,0.9351981821908739,0.9395295411036394,0.9340886673770606,0.24967513177663941,0.23963733960951986,0.247723614645184,0.23766901418233227,418.43849267889215,418.0378285610575,390.9718596039538,425.1948580728132
5,91.02443329903979,122.96233281893004,99.73234910836763,11.515781223087924,11.661878463539969,11.372963824293969,11.792536725587105,0.9353305247243638,0.9352023717025805,0.9395308072650982,0.9340895463220055,0.24974598558577948,0.2396226618673051,0.24779386787842375,0.23777543538399948,418.42967614142106,418.01431796833685,390.9670206719903,425.1927644035629
5,96.69352109053499,118.3372719478738,70.71365054869685,12.484135228254663,12.60514123630315,12.861099913870756,12.882034175870192,0.90419653568652,0.9018420447409994,0.9003616113650854,0.9003665549688425,0.16749084396789887,0.15957090370237034,0.15586186879328734,0.15257909230554892,378.49363565900086,386.28503268340387,393.7012945737379,392.09010033033854
5,86.87897890946502,101.29991512345678,64.46160408093279,8.277179155902742,8.598255621123736,8.324608096471092,8.702341385554716,0.9521434637581142,0.9505948676631453,0.9565897088410569,0.9495164825823996,0.18636505783021254,0.1743785785904506,0.17694106495944614,0.17577753963856685,232.2763057709625,239.00092936807636,210.38476141263953,244.21743238765038
5,107.89686128257887,123.21628686556927,81.48054955418381,14.70344272179499,14.746553737512562,14.713067183465894,14.901760789654015,0.8523519487023083,0.8527704039842086,0.8544386398551661,0.8484565139442173,0.1978898930507888,0.19261483229374865,0.193940179842663,0.19105429451094524,519.501770025959,516.6860290764984,511.93790267022473,531.82463706285
5,96.69107167352537,118.33970336076817,70.7101268861454,12.484349698539095,12.604928759969608,12.861324720072258,12.881606632027436,0.9041972866556078,0.9018460312736317,0.9003611903242696,0.9003668716972336,0.16746543458272772,0.15959412198082837,0.1557947393812864,0.15258206563592563,378.48606201559465,386.26460386125075,393.69829974169716,392.0840827587202
5,116.47221364883401,131.56864540466393,79.32819530178327,6.329652885444583,6.933092411658667,6.739057708872745,6.767626034743005,0.9472575358522646,0.9391510178158324,0.9436623755967806,0.9410122452282959,0.2975388156646046,0.27589554382197984,0.28311962378282474,0.28525331161167616,130.46424031009752,150.2048202761257,139.3501033591925,145.6108271375576
5,116.47260116598079,131.56935099451303,79.32358196159122,6.329856158485073,6.93330229681774,6.738476313523779,6.767361734913039,0.9472560238115473,0.9391463676555354,0.9436612986472976,0.941008220552664,0.2974416603248321,0.27585466494836175,0.2832225048044169,0.28523996489785663,130.46634366927063,150.2145328630151,139.35108096470518,145.6190446165872
5,96.29627229080933,118.78093278463649,76.62409550754458,13.04026959517942,13.281651200233455,13.304358311803087,13.314109119554665,0.8889311432717971,0.8856251154012023,0.8856935034227665,0.8848805186910583,0.1854058526001506,0.17900513883494096,0.17955052768477608,0.17601714035081129,421.4508070629713,433.7450672669341,434.872883721027,436.569476306339
5,96.29647548010973,118.78094050068587,76.61931841563786,13.040974160209544,13.28227135473659,13.304302325584267,13.314851059273508,0.8889208570105047,0.8856183885504176,0.8856901006017271,0.8848730452747694,0.1853312718947475,0.1790193662755289,0.17954280741259837,0.17598995369372056,421.49058656339486,433.7715007048393,434.8866003446319,436.59872116889875
5,104.38111368312757,121.49205332647462,88.31141803840877,12.642860465119632,12.940779563579579,12.98127562446513,12.989928967263937,0.9133058084576542,0.9105079226636614,0.9107003985034844,0.9100570633834347,0.17364231310910969,0.16433055531244972,0.16199389700253455,0.1615482645963484,419.8370499570411,433.0783657633925,432.4666726960668,435.2607481931568
5,104.38460991083676,121.49162379972564,88.3032853223594,12.643167097333125,12.94120883487203,12.981662360037857,12.99043424635063,0.9133009802397106,0.910503699853639,0.9106947783706906,0.9100507557529169,0.1736839391945736,0.16432628793170556,0.16202564242737594,0.16154793532290118,419.8636408269831,433.1020586020742,432.4971421189706,435.29454661357175
5,106.51464420438957,128.04234482167354,93.69578875171467,9.630338501295018,10.116342884981982,10.005250645998292,10.125510461438779,0.9602633300922193,0.9573328130391454,0.9596068145294824,0.9580177634083341,0.21719152178319714,0.19431406923408237,0.19551228467526519,0.19477663811104862,285.1686279070672,305.8182213140341,289.54068217063485,300.9073369978856
5,106.51652692043896,128.0447265089163,93.69423868312757,9.629819121450193,10.116314382059086,10.004831180020497,10.125283301780831,0.9602656744939342,0.9573336494950092,0.9596078337751344,0.9580178609079478,0.21721501948542551,0.19428261194164315,0.19554823391526407,0.19474392729203863,285.15341602076074,305.813746355149,289.5348587425548,300.9081497630476
5,86.87892661179698,101.29953017832648,64.46263203017833,8.277121447031089,8.59846723373275,8.324657192078257,8.702143592544655,0.9521495129740338,0.9505993117779518,0.9565918090596267,0.9495223049746099,0.18630930594097905,0.17424233436154127,0.17687317469937347,0.17577439610509987,232.2450697675154,238.97746800767345,210.37303445312313,244.18728925115585
5,95.75677469135802,117.90681069958848,80.05380058299039,12.865096468565223,13.040120023219533,12.941767441864059,13.007060087618106,0.9050341594071537,0.9026280936121048,0.9069210662375576,0.9044873600304525,0.1456409564440956,0.14064077648684448,0.14248161671971687,0.1405141565297157,411.2662489234542,421.0319992814435,403.40515762284883,412.9901759926492
5,128.73202503429354,146.3828677983539,98.01913151577503,8.923871662362286,9.131115172539618,8.757144702844796,8.956648781804109,0.9566277700110641,0.9534912127756919,0.9572439148085999,0.9548852767319604,0.245962078327834,0.2398937748665507,0.24859101676962142,0.24531215717692872,237.27082601212177,253.68253271794222,233.53535314390726,246.07838562903694
5,128.73706618655692,146.38070301783264,98.01789437585734,8.923950904395085,9.131395883143345,8.75717571059681,8.956725653323257,0.9566277541033621,0.9534907966007606,0.957243903127475,0.9548829949400687,0.24587906834190995,0.23983273692850982,0.2485894403409714,0.2453080627520595,237.27146856165004,253.68536659945337,233.53597157629537,246.09137864323276
5,109.11593792866941,136.39672410836764,88.87001543209877,11.560995693370874,11.645497056427267,11.30996296296626,11.50388762593311,0.921103899840706,0.9194408926567721,0.9240542376305001,0.9205001396817026,0.17884298160208603,0.17587097642313634,0.1830048056190432,0.18105720447243615,371.112935400611,378.1984243930146,357.0974892335141,373.22618623987285
5,109.11320816186557,136.3991855281207,88.86830589849109,11.560493540054626,11.645369225136887,11.309862187772497,11.503669967249767,0.9211023898896612,0.9194398285959948,0.9240543704272935,0.9204980208189327,0.17891654151373532,0.17583065134972917,0.18302473699781027,0.18104516796699965,371.1178044789938,378.2014405204953,357.0952006891563,373.23418087787513
5,122.97670096021947,139.6519967421125,85.42953789437585,10.107974160208476,10.034587865011147,9.91111197243916,10.140495225329545,0.9186741688798216,0.9204486723035933,0.9219348556916435,0.9168370623600883,0.216327596115291,0.21511903674693078,0.22201427749085406,0.21800024483947217,282.84966408273596,276.3111042205291,271.49799741606745,288.85505659128097
