label,Mean_h,Variance_h,Skewness_h,Kurtosis_h,Entropy_h,Mean_s,Variance_s,Skewness_s,Kurtosis_s,Entropy_s,Mean_v,Variance_v,Skewness_v,Kurtosis_v,Entropy_v,Contrast,Homogeneity,Energy
1,6480.0,443242530.0,6.066678456751961,40.240035910665945,3.4864423,4556.25,74262190.0,4.580937511152039,27.09142764261214,4.635261,4556.25,36842780.0,2.6142613975364357,6.8991205758351395,4.9007554,265.13848578811366,0.4069243590431516,0.05899685885189946
1,6480.0,301071360.0,4.132242648130976,22.58397937296422,3.3848104,4556.25,216329000.0,6.605473285213139,47.669294517579615,3.9596868,4556.25,48963150.0,1.9679641234623855,3.320448348223671,4.609291,172.89895004306632,0.3665713403909035,0.050430524813146436
1,6480.0,262203890.0,3.399756312884506,12.011114500534788,3.5796547,4556.25,66653110.0,3.8718395065196396,19.598372251707662,4.624939,4556.25,33396288.0,1.7720932074150404,2.7931971799417283,4.8479013,277.7761567614125,0.3429982115872238,0.04828135361455999
1,6480.0,262203890.0,3.399756312884506,12.011114500534788,3.5796547,4556.25,66653110.0,3.8718395065196396,19.598372251707662,4.624939,4556.25,33396288.0,1.7720932074150404,2.7931971799417283,4.8479013,277.7761567614125,0.3429982115872238,0.04828135361455999
1,6480.0,780626000.0,5.644331746791294,34.153027723723774,2.5586865,4556.25,116018664.0,7.2155057825309,68.65064072201578,4.4684887,4556.25,88875970.0,4.288063786095917,21.617195907372665,4.4323244,181.86460895779504,0.3731012732999075,0.06369481463077088
1,6480.0,780626000.0,5.644331746791294,34.153027723723774,2.5586865,4556.25,116018664.0,7.2155057825309,68.65064072201578,4.4684887,4556.25,88875970.0,4.288063786095917,21.617195907372665,4.4323244,181.86460895779504,0.3731012732999075,0.06369481463077088
1,6480.0,203502860.0,3.0945212756581437,9.69817748757176,3.7892342,4556.25,108089940.0,5.815487913883066,47.811091135721355,4.3677835,4556.25,58920540.0,2.1992520279525056,4.803028606819366,4.461625,178.31143238587427,0.3459690227173528,0.04723087103686989
1,6480.0,203502860.0,3.0945212756581437,9.69817748757176,3.7892342,4556.25,108089940.0,5.815487913883066,47.811091135721355,4.3677835,4556.25,58920540.0,2.1992520279525056,4.803028606819366,4.461625,178.31143238587427,0.3459690227173528,0.04723087103686989
1,6480.0,509961570.0,5.8444487275730985,39.34867652633914,3.1009362,4556.25,116982260.0,5.383636162033712,31.9712450026051,4.3918858,4556.25,51778460.0,2.2950672977001028,5.723955484767094,4.597518,247.0560594315245,0.3548608365550491,0.06016257498957348
1,6480.0,509961570.0,5.8444487275730985,39.34867652633914,3.1009362,4556.25,116982260.0,5.383636162033712,31.9712450026051,4.3918858,4556.25,51778460.0,2.2950672977001028,5.723955484767094,4.597518,247.0560594315245,0.3548608365550491,0.06016257498957348
1,6480.0,339394180.0,4.564719174709712,25.61321003163761,3.4448333,4556.25,300182660.0,7.402613345734954,57.30248960190326,3.8599043,4556.25,87363400.0,3.7262341566998827,16.11256941747879,4.4045115,162.11773729543498,0.4145344648126019,0.06668287796961662
1,6480.0,443242530.0,6.066678456751961,40.240035910665945,3.4864423,4556.25,74262190.0,4.580937511152039,27.09142764261214,4.635261,4556.25,36842780.0,2.6142613975364357,6.8991205758351395,4.9007554,265.13848578811366,0.4069243590431516,0.05899685885189946
1,6480.0,339394180.0,4.564719174709712,25.61321003163761,3.4448333,4556.25,300182660.0,7.402613345734954,57.30248960190326,3.8599043,4556.25,87363400.0,3.7262341566998827,16.11256941747879,4.4045115,162.11773729543498,0.4145344648126019,0.06668287796961662
1,6480.0,627542700.0,5.61655589586847,34.74039144819213,2.9235454,4556.25,171240030.0,5.665342541349633,32.73912370610739,4.188137,4556.25,49498500.0,2.259216421106979,5.5460663784541335,4.626698,218.1650241171404,0.3753388152543983,0.05183108152983037
1,6480.0,627542700.0,5.61655589586847,34.74039144819213,2.9235454,4556.25,171240030.0,5.665342541349633,32.73912370610739,4.188137,4556.25,49498500.0,2.259216421106979,5.5460663784541335,4.626698,218.1650241171404,0.3753388152543983,0.05183108152983037
1,6480.0,462776830.0,6.212821197805891,47.375685022884845,3.3574727,4556.25,230173740.0,6.771251571608657,54.64933185049316,3.7688518,4556.25,60406444.0,2.5844550512314157,7.325129513274421,4.482318,162.58292075796726,0.4244373491398228,0.05839282596280722
1,6480.0,462776830.0,6.212821197805891,47.375685022884845,3.3574727,4556.25,230173740.0,6.771251571608657,54.64933185049316,3.7688518,4556.25,60406444.0,2.5844550512314157,7.325129513274421,4.482318,162.58292075796726,0.4244373491398228,0.05839282596280722
1,6480.0,633325600.0,6.29514567153833,46.228402889784704,2.911513,4556.25,117192440.0,5.449829264068414,33.074874766152575,4.460547,4556.25,102342650.0,3.838027998585961,16.696967403250216,4.2711973,208.2101834625323,0.42678804860206154,0.06677508038859405
1,6480.0,633325600.0,6.29514567153833,46.228402889784704,2.911513,4556.25,117192440.0,5.449829264068414,33.074874766152575,4.460547,4556.25,102342650.0,3.838027998585961,16.696967403250216,4.2711973,208.2101834625323,0.42678804860206154,0.06677508038859405
1,6480.0,684581440.0,6.414735023345025,44.40066686915299,2.898219,4556.25,170471970.0,5.866452202908863,36.37817924741756,4.210669,4556.25,111397610.0,5.1448643828588505,30.066744511341646,4.3674183,205.54308613264428,0.38151654071753754,0.07613947389524048
1,6480.0,684581440.0,6.414735023345025,44.40066686915299,2.898219,4556.25,170471970.0,5.866452202908863,36.37817924741756,4.210669,4556.25,111397610.0,5.1448643828588505,30.066744511341646,4.3674183,205.54308613264428,0.38151654071753754,0.07613947389524048
1,6480.0,1296820400.0,8.907983730968525,81.82115916531204,2.538056,4556.25,327933900.0,6.84446921449496,49.12145617320271,3.7120986,4556.25,121057780.0,4.361861857263429,20.538146826484013,4.2292976,251.38321360895782,0.46049345923335716,0.09365234482859683
1,6480.0,507695650.0,5.378715231335327,35.64187571048917,3.0030367,4556.25,121644920.0,5.4562596701407715,32.842676622011616,4.4534264,4556.25,75501180.0,4.019834432609012,18.217964068843425,4.5784836,342.9986339362619,0.3441827946117862,0.05176665168537624
1,6480.0,1296820400.0,8.907983730968525,81.82115916531204,2.538056,4556.25,327933900.0,6.84446921449496,49.12145617320271,3.7120986,4556.25,121057780.0,4.361861857263429,20.538146826484013,4.2292976,251.38321360895782,0.46049345923335716,0.09365234482859683
1,6480.0,610458600.0,5.803157719279344,36.339596070115135,2.949389,4556.25,267299490.0,5.572160129866223,32.65350190152326,3.5400476,4556.25,58318256.0,2.3836821320320727,5.4795592643561495,4.5207863,170.4858776916451,0.2648439311909279,0.039326584249556186
1,6480.0,610458600.0,5.803157719279344,36.339596070115135,2.949389,4556.25,267299490.0,5.572160129866223,32.65350190152326,3.5400476,4556.25,58318256.0,2.3836821320320727,5.4795592643561495,4.5207863,170.4858776916451,0.2648439311909279,0.039326584249556186
1,6480.0,903115200.0,7.9070970434202446,65.75102363479431,2.8421803,4556.25,240047800.0,4.941613361724203,24.783791602267485,3.609936,4556.25,63482456.0,2.611053301069415,6.4739049243390365,4.520832,207.3584737295435,0.24807775054397663,0.03824292480463725
1,6480.0,903115200.0,7.9070970434202446,65.75102363479431,2.8421803,4556.25,240047800.0,4.941613361724203,24.783791602267485,3.609936,4556.25,63482456.0,2.611053301069415,6.4739049243390365,4.520832,207.3584737295435,0.24807775054397663,0.03824292480463725
1,6480.0,1146161400.0,9.285638621435119,93.99756949542338,2.742663,4556.25,271183740.0,5.23544915291107,27.387883906527826,3.5954547,4556.25,51218360.0,2.5172027838195548,6.282446140833471,4.6868124,184.3332248062016,0.28009927189971956,0.03824878929951762
1,6480.0,1146161400.0,9.285638621435119,93.99756949542338,2.742663,4556.25,271183740.0,5.23544915291107,27.387883906527826,3.5954547,4556.25,51218360.0,2.5172027838195548,6.282446140833471,4.6868124,184.3332248062016,0.28009927189971956,0.03824878929951762
1,6480.0,1075969900.0,8.635111807374132,77.95941859223092,2.8292184,4556.25,246195040.0,5.390193485362546,29.75092245645194,3.722518,4556.25,82017600.0,3.3646405715605665,10.96441822791387,4.464654,190.73867355727825,0.2552852277310722,0.04524596224071439
1,6480.0,1075969900.0,8.635111807374132,77.95941859223092,2.8292184,4556.25,246195040.0,5.390193485362546,29.75092245645194,3.722518,4556.25,82017600.0,3.3646405715605665,10.96441822791387,4.464654,190.73867355727825,0.2552852277310722,0.04524596224071439
1,6480.0,613520640.0,5.840449743126155,37.527209209234336,2.9800024,4556.25,212608910.0,5.389786043063881,30.068902531872418,3.8874059,4556.25,89465140.0,3.359235110645519,11.591432408204659,4.3374815,181.320060292851,0.30012209448458527,0.05070686485039723
1,6480.0,507695650.0,5.378715231335327,35.64187571048917,3.0030367,4556.25,121644920.0,5.4562596701407715,32.842676622011616,4.4534264,4556.25,75501180.0,4.019834432609012,18.217964068843425,4.5784836,342.9986339362619,0.3441827946117862,0.05176665168537624
1,6480.0,613520640.0,5.840449743126155,37.527209209234336,2.9800024,4556.25,212608910.0,5.389786043063881,30.068902531872418,3.8874059,4556.25,89465140.0,3.359235110645519,11.591432408204659,4.3374815,181.320060292851,0.30012209448458527,0.05070686485039723
1,6480.0,573501300.0,5.539016278360385,31.723177003274962,3.078269,4556.25,178293250.0,4.409030463470769,18.972658790157137,3.921011,4556.25,94083960.0,3.2851700179211574,10.254490981165423,4.3180647,233.18806115417743,0.2740796567427499,0.0511815739177655
1,6480.0,573501300.0,5.539016278360385,31.723177003274962,3.078269,4556.25,178293250.0,4.409030463470769,18.972658790157137,3.921011,4556.25,94083960.0,3.2851700179211574,10.254490981165423,4.3180647,233.18806115417743,0.2740796567427499,0.0511815739177655
1,6480.0,719797100.0,7.522466990826058,67.0071497614632,2.9378142,4556.25,218114190.0,6.097525583693579,40.099044672315955,3.9589353,4556.25,86180900.0,3.2508966177414944,10.561020288577117,4.3730826,241.1045279931094,0.2361517398009802,0.042541467898760815
1,6480.0,719797100.0,7.522466990826058,67.0071497614632,2.9378142,4556.25,218114190.0,6.097525583693579,40.099044672315955,3.9589353,4556.25,86180900.0,3.2508966177414944,10.561020288577117,4.3730826,241.1045279931094,0.2361517398009802,0.042541467898760815
1,6480.0,208885070.0,2.5381854507996024,5.768065193321666,3.6199827,4556.25,129523490.0,5.016875546794846,32.61809174482324,4.1613255,4556.25,36053588.0,1.3027706028039394,0.6563891849871584,4.722993,188.06992678725237,0.3604364833907013,0.04038912263883493
1,6480.0,208885070.0,2.5381854507996024,5.768065193321666,3.6199827,4556.25,129523490.0,5.016875546794846,32.61809174482324,4.1613255,4556.25,36053588.0,1.3027706028039394,0.6563891849871584,4.722993,188.06992678725237,0.3604364833907013,0.04038912263883493
1,6480.0,302215600.0,5.403765064088674,38.02991535707022,3.6403441,4556.25,106233656.0,4.565187454286109,23.88463834707747,4.4629803,4556.25,30451082.0,2.3823799202990537,7.3538432932772775,4.942801,308.7613049095607,0.33134667855594346,0.03955638550944785
1,6480.0,302215600.0,5.403765064088674,38.02991535707022,3.6403441,4556.25,106233656.0,4.565187454286109,23.88463834707747,4.4629803,4556.25,30451082.0,2.3823799202990537,7.3538432932772775,4.942801,308.7613049095607,0.33134667855594346,0.03955638550944785
1,6480.0,301071360.0,4.132242648130976,22.58397937296422,3.3848104,4556.25,216329000.0,6.605473285213139,47.669294517579615,3.9596868,4556.25,48963150.0,1.9679641234623855,3.320448348223671,4.609291,172.89895004306632,0.3665713403909035,0.050430524813146436
2,6480.0,2172510500.0,10.928719085742276,125.29439361889715,2.1002176,4556.25,224343220.0,5.0152572018114485,25.15801075190797,3.8737402,4556.25,176052690.0,4.666998478128866,21.642854788324104,4.040681,426.6070172265288,0.2617274825579056,0.06188569162051657
2,6480.0,2169947100.0,9.742787511529254,95.93137322413098,2.073436,4556.25,368994560.0,5.890494654145619,35.85293857224967,3.2765143,4556.25,151759700.0,4.084418729768338,16.55844443749082,4.0127425,157.6987639965547,0.2495869221858941,0.05596910133870091
2,6480.0,1990055700.0,11.111896385793303,132.01495343306283,2.073188,4556.25,235385950.0,4.4083051446907895,18.447639991835587,3.620525,4556.25,166355100.0,4.35683593767595,19.263355643622102,3.9344594,116.51748751076659,0.27069734951803265,0.05840446557092056
2,6480.0,1990055700.0,11.111896385793303,132.01495343306283,2.073188,4556.25,235385950.0,4.4083051446907895,18.447639991835587,3.620525,4556.25,166355100.0,4.35683593767595,19.263355643622102,3.9344594,116.51748751076659,0.27069734951803265,0.05840446557092056
2,6480.0,1558692000.0,8.573616011801695,78.22678079160885,2.1481454,4556.25,293597540.0,4.762962059666419,22.675930663225916,3.2891,4556.25,187080690.0,4.204011723947693,17.235962423738393,3.7902908,113.74934625322997,0.2695912882811241,0.06069152554783808
2,6480.0,1558692000.0,8.573616011801695,78.22678079160885,2.1481454,4556.25,293597540.0,4.762962059666419,22.675930663225916,3.2891,4556.25,187080690.0,4.204011723947693,17.235962423738393,3.7902908,113.74934625322997,0.2695912882811241,0.06069152554783808
2,6480.0,1727524100.0,10.616616955459838,121.60501344084788,2.317658,4556.25,249562320.0,4.951752840093249,24.45019151237549,3.6662855,4556.25,147652700.0,4.175234702024991,17.174741777416045,4.061566,182.18497071490094,0.26384490909810915,0.05568828427640272
2,6480.0,1727524100.0,10.616616955459838,121.60501344084788,2.317658,4556.25,249562320.0,4.951752840093249,24.45019151237549,3.6662855,4556.25,147652700.0,4.175234702024991,17.174741777416045,4.061566,182.18497071490094,0.26384490909810915,0.05568828427640272
2,6480.0,2517777700.0,11.795634380981813,144.28077433584372,2.0300817,4556.25,332168500.0,5.686764913540584,33.33301307557523,3.393434,4556.25,132824500.0,3.6967710385173214,13.053785327187008,4.0897226,167.3924177433247,0.2398115892963849,0.049601396827114626
2,6480.0,2517777700.0,11.795634380981813,144.28077433584372,2.0300817,4556.25,332168500.0,5.686764913540584,33.33301307557523,3.393434,4556.25,132824500.0,3.6967710385173214,13.053785327187008,4.0897226,167.3924177433247,0.2398115892963849,0.049601396827114626
2,6480.0,1687664100.0,8.910385523397984,80.38864564457964,2.2667701,4556.25,282792500.0,5.454469626336472,31.563066925449256,3.5614896,4556.25,131802184.0,3.6562099021694916,12.606413318648539,4.11139,121.20638070628769,0.22603843099857612,0.04915844899619802
2,6480.0,2172510500.0,10.928719085742276,125.29439361889715,2.1002176,4556.25,224343220.0,5.0152572018114485,25.15801075190797,3.8737402,4556.25,176052690.0,4.666998478128866,21.642854788324104,4.040681,426.6070172265288,0.2617274825579056,0.06188569162051657
2,6480.0,1687664100.0,8.910385523397984,80.38864564457964,2.2667701,4556.25,282792500.0,5.454469626336472,31.563066925449256,3.5614896,4556.25,131802184.0,3.6562099021694916,12.606413318648539,4.11139,121.20638070628769,0.22603843099857612,0.04915844899619802
2,6480.0,2283757800.0,10.357834613341247,111.34719325986666,2.0187187,4556.25,386252770.0,6.442767020353349,43.73218080525756,3.3819766,4556.25,158198930.0,4.044054219755095,16.058243209111204,3.9824188,168.6807459086994,0.28064516263339995,0.060272428050245366
2,6480.0,2283757800.0,10.357834613341247,111.34719325986666,2.0187187,4556.25,386252770.0,6.442767020353349,43.73218080525756,3.3819766,4556.25,158198930.0,4.044054219755095,16.058243209111204,3.9824188,168.6807459086994,0.28064516263339995,0.060272428050245366
2,6480.0,1652492400.0,8.937266626240701,81.75775535577246,2.317388,4556.25,213062200.0,5.018728114057108,27.276503714607216,3.8675468,4556.25,223771360.0,5.151168773212405,27.016036291671607,3.8143258,183.81959086993973,0.29539027594657774,0.07508932894459075
2,6480.0,1652492400.0,8.937266626240701,81.75775535577246,2.317388,4556.25,213062200.0,5.018728114057108,27.276503714607216,3.8675468,4556.25,223771360.0,5.151168773212405,27.016036291671607,3.8143258,183.81959086993973,0.29539027594657774,0.07508932894459075
2,6480.0,2105875700.0,11.470746702062007,138.7451669949413,2.1072242,4556.25,284566400.0,5.2152645161464015,27.940991317937755,3.5025973,4556.25,133049820.0,3.785339190316598,14.09383359277781,4.067511,150.73050301464255,0.25390162370363956,0.05217948876373248
2,6480.0,2105875700.0,11.470746702062007,138.7451669949413,2.1072242,4556.25,284566400.0,5.2152645161464015,27.940991317937755,3.5025973,4556.25,133049820.0,3.785339190316598,14.09383359277781,4.067511,150.73050301464255,0.25390162370363956,0.05217948876373248
2,6480.0,2566469000.0,11.189024626976314,130.70746075709803,1.8340855,4556.25,378686660.0,6.410420872881519,43.913137153598754,3.3519478,4556.25,150746430.0,4.00295070671514,15.473630806586947,4.031303,108.83522825150733,0.19870021812628536,0.048231725299905756
2,6480.0,2566469000.0,11.189024626976314,130.70746075709803,1.8340855,4556.25,378686660.0,6.410420872881519,43.913137153598754,3.3519478,4556.25,150746430.0,4.00295070671514,15.473630806586947,4.031303,108.83522825150733,0.19870021812628536,0.048231725299905756
2,6480.0,1989128100.0,9.19746615020612,83.87701218013851,2.174539,4556.25,381132130.0,6.385943466588575,42.39223439835896,3.4078522,4556.25,162469680.0,4.103800813890014,16.401354458592586,3.9909804,187.24458742463398,0.25610612346368034,0.06213255874664096
2,6480.0,2219152000.0,9.428961801605794,88.00558221196273,2.0351353,4556.25,248877600.0,4.8594455464677235,23.147476049812706,3.674549,4556.25,142601540.0,3.9026367884392865,14.733703512512758,4.0885243,229.87070801033593,0.19708219578298486,0.045632488268825516
2,6480.0,1989128100.0,9.19746615020612,83.87701218013851,2.174539,4556.25,381132130.0,6.385943466588575,42.39223439835896,3.4078522,4556.25,162469680.0,4.103800813890014,16.401354458592586,3.9909804,187.24458742463398,0.25610612346368034,0.06213255874664096
2,6480.0,1751056500.0,9.412521327699537,88.46021968349439,2.3926651,4556.25,151140160.0,4.421484993091421,19.40931224883376,4.1873727,4556.25,175837260.0,4.940070237677456,24.578769101309522,4.0952377,330.58932558139537,0.3445123134159393,0.057438606873454104
2,6480.0,1751056500.0,9.412521327699537,88.46021968349439,2.3926651,4556.25,151140160.0,4.421484993091421,19.40931224883376,4.1873727,4556.25,175837260.0,4.940070237677456,24.578769101309522,4.0952377,330.58932558139537,0.3445123134159393,0.057438606873454104
2,6480.0,1502569600.0,10.239538541113102,113.10449557688234,2.552001,4556.25,149156350.0,4.2554003513879675,17.766133314236075,4.1679955,4556.25,147080030.0,4.698066833234051,22.470137384651235,4.1779537,269.8403970714901,0.2999497497326426,0.06643526166494097
2,6480.0,1502569600.0,10.239538541113102,113.10449557688234,2.552001,4556.25,149156350.0,4.2554003513879675,17.766133314236075,4.1679955,4556.25,147080030.0,4.698066833234051,22.470137384651235,4.1779537,269.8403970714901,0.2999497497326426,0.06643526166494097
2,6480.0,1527959800.0,9.162915751666661,90.14403238353114,2.4230785,4556.25,220075440.0,4.81730223595025,24.34900480060692,3.7844908,4556.25,127559480.0,3.9959742994153284,16.00409060769712,4.181776,219.72365202411717,0.2420675680059091,0.0504326967382582
2,6480.0,1527959800.0,9.162915751666661,90.14403238353114,2.4230785,4556.25,220075440.0,4.81730223595025,24.34900480060692,3.7844908,4556.25,127559480.0,3.9959742994153284,16.00409060769712,4.181776,219.72365202411717,0.2420675680059091,0.0504326967382582
2,6480.0,1727918600.0,9.044263349584718,81.32154045907444,2.250701,4556.25,152274670.0,3.753971196754877,13.121468424134324,4.046995,4556.25,204410820.0,5.155455629714554,27.113626078160294,3.932905,268.42929112833764,0.30417701836898015,0.06822166062758843
2,6480.0,1727918600.0,9.044263349584718,81.32154045907444,2.250701,4556.25,152274670.0,3.753971196754877,13.121468424134324,4.046995,4556.25,204410820.0,5.155455629714554,27.113626078160294,3.932905,268.42929112833764,0.30417701836898015,0.06822166062758843
2,6480.0,3080738800.0,12.735168410459897,164.34386511933724,1.8076224,4556.25,338042430.0,5.809173767455608,35.730880570718206,3.3568945,4556.25,149185010.0,3.894417341972753,14.684373839459141,4.0100975,107.01584582256676,0.24203853781801193,0.05173746993476404
2,6480.0,2219152000.0,9.428961801605794,88.00558221196273,2.0351353,4556.25,248877600.0,4.8594455464677235,23.147476049812706,3.674549,4556.25,142601540.0,3.9026367884392865,14.733703512512758,4.0885243,229.87070801033593,0.19708219578298486,0.045632488268825516
2,6480.0,3080738800.0,12.735168410459897,164.34386511933724,1.8076224,4556.25,338042430.0,5.809173767455608,35.730880570718206,3.3568945,4556.25,149185010.0,3.894417341972753,14.684373839459141,4.0100975,107.01584582256676,0.24203853781801193,0.05173746993476404
2,6480.0,2224384800.0,10.67750294769271,120.8286214757457,2.022314,4556.25,329884800.0,5.617212021318297,32.92300276981187,3.3778691,4556.25,159704160.0,4.04019830047266,15.874989103015007,3.9674616,118.40765202411714,0.21978432516418853,0.05149731313312768
2,6480.0,2224384800.0,10.67750294769271,120.8286214757457,2.022314,4556.25,329884800.0,5.617212021318297,32.92300276981187,3.3778691,4556.25,159704160.0,4.04019830047266,15.874989103015007,3.9674616,118.40765202411714,0.21978432516418853,0.05149731313312768
2,6480.0,1562966700.0,9.225886730344682,84.73286843494417,2.5439222,4556.25,197585280.0,4.869732283549617,23.501328292938265,3.9949853,4556.25,140644140.0,4.489628746676579,20.26584403424538,4.237621,289.3138587424634,0.2397021987036688,0.05457846308482649
2,6480.0,1562966700.0,9.225886730344682,84.73286843494417,2.5439222,4556.25,197585280.0,4.869732283549617,23.501328292938265,3.9949853,4556.25,140644140.0,4.489628746676579,20.26584403424538,4.237621,289.3138587424634,0.2397021987036688,0.05457846308482649
2,6480.0,2399795000.0,10.005533440892892,102.4320801601742,1.8703485,4556.25,456735650.0,6.32533037608272,42.04065432468311,3.0147495,4556.25,158902500.0,3.7438565130442694,13.107479954509472,3.9016562,113.34615762273903,0.2450223224637562,0.05423786111029336
2,6480.0,2399795000.0,10.005533440892892,102.4320801601742,1.8703485,4556.25,456735650.0,6.32533037608272,42.04065432468311,3.0147495,4556.25,158902500.0,3.7438565130442694,13.107479954509472,3.9016562,113.34615762273903,0.2450223224637562,0.05423786111029336
2,6480.0,2322275300.0,10.107316510769717,104.60221335570625,2.0560994,4556.25,424308960.0,6.459192205339499,42.94560193095619,3.2170281,4556.25,222489300.0,4.809386273912269,23.196135540272373,3.703125,154.581834625323,0.3286707190931884,0.08646099058090773
2,6480.0,2322275300.0,10.107316510769717,104.60221335570625,2.0560994,4556.25,424308960.0,6.459192205339499,42.94560193095619,3.2170281,4556.25,222489300.0,4.809386273912269,23.196135540272373,3.703125,154.581834625323,0.3286707190931884,0.08646099058090773
2,6480.0,2169947100.0,9.742787511529254,95.93137322413098,2.073436,4556.25,368994560.0,5.890494654145619,35.85293857224967,3.2765143,4556.25,151759700.0,4.084418729768338,16.55844443749082,4.0127425,157.6987639965547,0.2495869221858941,0.05596910133870091
3,6480.0,575774200.0,4.825199430458908,25.140197702292788,2.8378196,4556.25,207842400.0,5.018595048573689,26.74192174260975,3.7656279,4556.25,53950510.0,2.313221084942814,5.096863520867158,4.578764,178.21713867355726,0.27005657817464057,0.03784957712592997
3,6480.0,516015840.0,4.789053186079582,24.751243868800504,3.0507717,4556.25,208616030.0,4.870718161322194,25.362884304211992,3.72009,4556.25,56875390.0,2.578493152989857,7.674566584551036,4.5702467,174.90192075796728,0.3448516366082517,0.048248347620426166
3,6480.0,710585900.0,5.790357423452134,36.35367083706461,2.7472947,4556.25,313970270.0,6.14972331247913,41.54061142553561,3.378624,4556.25,122397650.0,3.833748557935472,15.959042037716657,4.0704303,150.2978682170543,0.4486198415096674,0.08075839978733175
3,6480.0,710585900.0,5.790357423452134,36.35367083706461,2.7472947,4556.25,313970270.0,6.14972331247913,41.54061142553561,3.378624,4556.25,122397650.0,3.833748557935472,15.959042037716657,4.0704303,150.2978682170543,0.4486198415096674,0.08075839978733175
3,6480.0,1137986300.0,8.39510540987341,79.81388603490619,2.4299107,4556.25,376772100.0,8.13225855710874,72.3005984362358,3.547012,4556.25,113779730.0,4.02589111412163,17.780557782046184,4.195691,167.49338415159346,0.3353347330668848,0.05962811535920098
3,6480.0,1137986300.0,8.39510540987341,79.81388603490619,2.4299107,4556.25,376772100.0,8.13225855710874,72.3005984362358,3.547012,4556.25,113779730.0,4.02589111412163,17.780557782046184,4.195691,167.49338415159346,0.3353347330668848,0.05962811535920098
3,6480.0,599104000.0,5.51047828297998,32.6871359666055,2.9342427,4556.25,255922240.0,4.645748174265411,21.069979238921576,3.5162685,4556.25,63778490.0,2.647556360856834,6.785040554228081,4.5196495,156.07437639965548,0.29519070353103116,0.03880860306828046
3,6480.0,599104000.0,5.51047828297998,32.6871359666055,2.9342427,4556.25,255922240.0,4.645748174265411,21.069979238921576,3.5162685,4556.25,63778490.0,2.647556360856834,6.785040554228081,4.5196495,156.07437639965548,0.29519070353103116,0.03880860306828046
3,6480.0,670898700.0,5.986302204074247,40.78523746355712,2.8101993,4556.25,236609150.0,4.886424056888447,25.38664928655265,3.522573,4556.25,67369090.0,3.119521718012543,11.193400844871537,4.4718866,96.46810766580535,0.4075116315526063,0.05772300387464484
3,6480.0,670898700.0,5.986302204074247,40.78523746355712,2.8101993,4556.25,236609150.0,4.886424056888447,25.38664928655265,3.522573,4556.25,67369090.0,3.119521718012543,11.193400844871537,4.4718866,96.46810766580535,0.4075116315526063,0.05772300387464484
3,6480.0,553130800.0,6.209101566237841,48.255370722935574,3.0231867,4556.25,215278740.0,5.371156294510239,31.928384005508164,3.7914662,4556.25,65977492.0,2.9861592398943406,9.423289906444086,4.533682,248.76294315245482,0.25916000871506273,0.04101522689542862
3,6480.0,575774200.0,4.825199430458908,25.140197702292788,2.8378196,4556.25,207842400.0,5.018595048573689,26.74192174260975,3.7656279,4556.25,53950510.0,2.313221084942814,5.096863520867158,4.578764,178.21713867355726,0.27005657817464057,0.03784957712592997
3,6480.0,553130800.0,6.209101566237841,48.255370722935574,3.0231867,4556.25,215278740.0,5.371156294510239,31.928384005508164,3.7914662,4556.25,65977492.0,2.9861592398943406,9.423289906444086,4.533682,248.76294315245482,0.25916000871506273,0.04101522689542862
3,6480.0,546575000.0,4.881581387155182,25.483580703927544,2.9181638,4556.25,247890060.0,5.061361696268789,26.880850513768962,3.5383754,4556.25,61510980.0,2.6434466009931468,6.937586118183541,4.538318,156.57774849267875,0.33897593869394366,0.05080778795076159
3,6480.0,546575000.0,4.881581387155182,25.483580703927544,2.9181638,4556.25,247890060.0,5.061361696268789,26.880850513768962,3.5383754,4556.25,61510980.0,2.6434466009931468,6.937586118183541,4.538318,156.57774849267875,0.33897593869394366,0.05080778795076159
3,6480.0,639875840.0,5.883127101027754,38.95903935522518,2.8321133,4556.25,255633310.0,5.036716319698961,26.01619148336586,3.5171013,4556.25,66973236.0,2.4885012177516512,5.679131739668922,4.448263,168.18190267011195,0.3039027983074277,0.048507354811224666
3,6480.0,639875840.0,5.883127101027754,38.95903935522518,2.8321133,4556.25,255633310.0,5.036716319698961,26.01619148336586,3.5171013,4556.25,66973236.0,2.4885012177516512,5.679131739668922,4.448263,168.18190267011195,0.3039027983074277,0.048507354811224666
3,6480.0,954593660.0,7.014272340898384,55.170884111263895,2.4629765,4556.25,351616830.0,7.0472799491912,55.82862361448344,3.422201,4556.25,80731140.0,3.111657353316484,9.843768521121046,4.3722167,152.0950301464255,0.36304363450734906,0.05648234957890375
3,6480.0,954593660.0,7.014272340898384,55.170884111263895,2.4629765,4556.25,351616830.0,7.0472799491912,55.82862361448344,3.422201,4556.25,80731140.0,3.111657353316484,9.843768521121046,4.3722167,152.0950301464255,0.36304363450734906,0.05648234957890375
3,6480.0,668918300.0,5.557314659511964,35.34253045807027,2.726637,4556.25,200744860.0,4.927469567692078,26.197628715147893,3.7793746,4556.25,72294340.0,2.5698280372171545,6.2681561041821645,4.398032,256.6873100775194,0.33988905297150174,0.0513866023745243
3,6480.0,668918300.0,5.557314659511964,35.34253045807027,2.726637,4556.25,200744860.0,4.927469567692078,26.197628715147893,3.7793746,4556.25,72294340.0,2.5698280372171545,6.2681561041821645,4.398032,256.6873100775194,0.33988905297150174,0.0513866023745243
3,6480.0,872684200.0,9.331699298878933,102.06823066745147,2.7850444,4556.25,256381950.0,5.767547447410603,35.2133314480376,3.6865468,4556.25,73009820.0,2.8609165279498994,7.965127226910665,4.447039,242.50427045650304,0.36726625855698686,0.05467679710947564
3,6480.0,1167338400.0,7.913594777667192,66.68914283506369,2.4121475,4556.25,396294660.0,7.361679721731122,56.02095307832347,3.5186174,4556.25,88368640.0,3.1195358976922747,9.57997382222937,4.332736,179.87236089577954,0.34760395158975615,0.05416231863577295
3,6480.0,872684200.0,9.331699298878933,102.06823066745147,2.7850444,4556.25,256381950.0,5.767547447410603,35.2133314480376,3.6865468,4556.25,73009820.0,2.8609165279498994,7.965127226910665,4.447039,242.50427045650304,0.36726625855698686,0.05467679710947564
3,6480.0,669881660.0,6.496147902575232,51.18883748674227,2.7939894,4556.25,221065500.0,4.3212534031206165,18.195087947364375,3.575578,4556.25,119943630.0,3.707613086091795,13.80854278715504,4.1345625,183.35369681309217,0.33901496708071716,0.059038438972371064
3,6480.0,669881660.0,6.496147902575232,51.18883748674227,2.7939894,4556.25,221065500.0,4.3212534031206165,18.195087947364375,3.575578,4556.25,119943630.0,3.707613086091795,13.80854278715504,4.1345625,183.35369681309217,0.33901496708071716,0.059038438972371064
3,6480.0,1080859400.0,9.66589106354828,107.26167774438773,2.5624104,4556.25,320314660.0,6.055587143403704,40.33846937578865,3.351571,4556.25,76580080.0,2.7796779878341686,7.682986864285581,4.350319,143.56810594315246,0.3355543628513237,0.0499372283079399
3,6480.0,1080859400.0,9.66589106354828,107.26167774438773,2.5624104,4556.25,320314660.0,6.055587143403704,40.33846937578865,3.351571,4556.25,76580080.0,2.7796779878341686,7.682986864285581,4.350319,143.56810594315246,0.3355543628513237,0.0499372283079399
3,6480.0,1017612600.0,9.120832632820548,95.32323809987727,2.6517081,4556.25,324045570.0,6.313268993159694,44.690532893583025,3.411841,4556.25,115073160.0,4.19597231888375,18.64268264645486,4.2502112,198.4447881136951,0.33992413361821044,0.06260633711336612
3,6480.0,1017612600.0,9.120832632820548,95.32323809987727,2.6517081,4556.25,324045570.0,6.313268993159694,44.690532893583025,3.411841,4556.25,115073160.0,4.19597231888375,18.64268264645486,4.2502112,198.4447881136951,0.33992413361821044,0.06260633711336612
3,6480.0,524692030.0,5.117748396191227,27.968994343466985,3.0597932,4556.25,172804450.0,4.402047547834646,19.88165584252924,3.9006972,4556.25,78393960.0,3.261509845156202,10.470085129991132,4.473551,202.3663652024117,0.32097010331297837,0.056813719173040914
3,6480.0,524692030.0,5.117748396191227,27.968994343466985,3.0597932,4556.25,172804450.0,4.402047547834646,19.88165584252924,3.9006972,4556.25,78393960.0,3.261509845156202,10.470085129991132,4.473551,202.3663652024117,0.32097010331297837,0.056813719173040914
3,6480.0,379340830.0,4.297761843393203,20.64255987004918,3.2979548,4556.25,145452260.0,4.917577832461283,31.86097216160678,3.9888375,4556.25,43748150.0,1.9772338563984129,3.8923261830963893,4.668538,127.68421791559,0.34555105893592325,0.04441781888217089
3,6480.0,1167338400.0,7.913594777667192,66.68914283506369,2.4121475,4556.25,396294660.0,7.361679721731122,56.02095307832347,3.5186174,4556.25,88368640.0,3.1195358976922747,9.57997382222937,4.332736,179.87236089577954,0.34760395158975615,0.05416231863577295
3,6480.0,379340830.0,4.297761843393203,20.64255987004918,3.2979548,4556.25,145452260.0,4.917577832461283,31.86097216160678,3.9888375,4556.25,43748150.0,1.9772338563984129,3.8923261830963893,4.668538,127.68421791559,0.34555105893592325,0.04441781888217089
3,6480.0,1223636500.0,11.502735573783152,142.26180028802935,2.6921196,4556.25,352662340.0,6.548130650190754,45.63314011120563,3.4180655,4556.25,88737144.0,3.4235530807785666,11.606968462090967,4.382617,210.59518432385875,0.27907277644812895,0.0468394910181511
3,6480.0,1223636500.0,11.502735573783152,142.26180028802935,2.6921196,4556.25,352662340.0,6.548130650190754,45.63314011120563,3.4180655,4556.25,88737144.0,3.4235530807785666,11.606968462090967,4.382617,210.59518432385875,0.27907277644812895,0.0468394910181511
3,6480.0,377117200.0,4.032624496936864,17.682007087460395,3.2192736,4556.25,232930850.0,5.0255904039528385,26.178861336145065,3.5974452,4556.25,44975560.0,1.7326070948365906,2.4259319792655667,4.6172667,104.05808354866495,0.31724153267063715,0.03938550556687131
3,6480.0,377117200.0,4.032624496936864,17.682007087460395,3.2192736,4556.25,232930850.0,5.0255904039528385,26.178861336145065,3.5974452,4556.25,44975560.0,1.7326070948365906,2.4259319792655667,4.6172667,104.05808354866495,0.31724153267063715,0.03938550556687131
3,6480.0,684096500.0,4.9390664823105945,25.152775072002797,2.6735523,4556.25,183438530.0,5.259985506977753,31.379668673430473,3.9517899,4556.25,113501736.0,3.6467318403596343,13.796265865421457,4.165555,186.33214470284236,0.4302096260279584,0.07458586278704496
3,6480.0,684096500.0,4.9390664823105945,25.152775072002797,2.6735523,4556.25,183438530.0,5.259985506977753,31.379668673430473,3.9517899,4556.25,113501736.0,3.6467318403596343,13.796265865421457,4.165555,186.33214470284236,0.4302096260279584,0.07458586278704496
3,6480.0,633403650.0,5.339616930262548,30.535053865645985,2.8177435,4556.25,232868690.0,4.801093904062748,22.817762726592743,3.6325579,4556.25,60039844.0,2.360336490789091,5.284257196223489,4.5030694,135.80987769164514,0.29862387150203545,0.0431435609605888
3,6480.0,633403650.0,5.339616930262548,30.535053865645985,2.8177435,4556.25,232868690.0,4.801093904062748,22.817762726592743,3.6325579,4556.25,60039844.0,2.360336490789091,5.284257196223489,4.5030694,135.80987769164514,0.29862387150203545,0.0431435609605888
3,6480.0,516015840.0,4.789053186079582,24.751243868800504,3.0507717,4556.25,208616030.0,4.870718161322194,25.362884304211992,3.72009,4556.25,56875390.0,2.578493152989857,7.674566584551036,4.5702467,174.90192075796728,0.3448516366082517,0.048248347620426166
4,6480.0,682138500.0,6.780495584739053,50.59151976036757,2.9659283,4556.25,276782180.0,5.693347061404646,32.937868807779836,3.584785,4556.25,82572920.0,3.2605492427287044,11.1192307208564,4.3819504,282.11024289405685,0.27503108417854394,0.050215136729654365
4,6480.0,907576640.0,6.773140471892797,48.40696076908572,2.6054273,4556.25,259499070.0,5.756897071398586,34.27502556847147,3.7214384,4556.25,72274200.0,2.583214992028101,6.014659123954051,4.409318,207.5907605512489,0.2457562103952653,0.04062409938356751
4,6480.0,543867140.0,6.477810597272724,49.0024165679395,3.1314158,4556.25,229580830.0,6.053337297440511,42.2323391117631,3.8022137,4556.25,65613450.0,3.7661978241505736,16.355358088734363,4.614452,256.21135486649445,0.20706381011177977,0.03772026685057928
4,6480.0,543867140.0,6.477810597272724,49.0024165679395,3.1314158,4556.25,229580830.0,6.053337297440511,42.2323391117631,3.8022137,4556.25,65613450.0,3.7661978241505736,16.355358088734363,4.614452,256.21135486649445,0.20706381011177977,0.03772026685057928
4,6480.0,808171600.0,9.523696144705115,105.61075766606531,2.9349625,4556.25,206321120.0,6.101638502692455,46.57751237361727,3.8491263,4556.25,47981756.0,2.806374953453548,10.263478130163813,4.6986465,247.95859517657195,0.25569873570038065,0.03805505777111837
4,6480.0,808171600.0,9.523696144705115,105.61075766606531,2.9349625,4556.25,206321120.0,6.101638502692455,46.57751237361727,3.8491263,4556.25,47981756.0,2.806374953453548,10.263478130163813,4.6986465,247.95859517657195,0.25569873570038065,0.03805505777111837
4,6480.0,1260155000.0,10.264145067159198,117.89125685633292,2.5318203,4556.25,243548600.0,5.256574884101115,31.3634037017914,3.5616984,4556.25,117069064.0,3.918781085120115,17.51598300156663,4.1214027,183.9767510766581,0.3838776096314587,0.06676023690331474
4,6480.0,1260155000.0,10.264145067159198,117.89125685633292,2.5318203,4556.25,243548600.0,5.256574884101115,31.3634037017914,3.5616984,4556.25,117069064.0,3.918781085120115,17.51598300156663,4.1214027,183.9767510766581,0.3838776096314587,0.06676023690331474
4,6480.0,666926500.0,6.3227588950874605,44.54773633291207,2.9103043,4556.25,312713300.0,6.51911977379843,43.42030921996341,3.6719463,4556.25,35153444.0,1.6008381160814205,1.8881041223788788,4.7963037,176.05805081826014,0.291002761576142,0.031802764158517516
4,6480.0,666926500.0,6.3227588950874605,44.54773633291207,2.9103043,4556.25,312713300.0,6.51911977379843,43.42030921996341,3.6719463,4556.25,35153444.0,1.6008381160814205,1.8881041223788788,4.7963037,176.05805081826014,0.291002761576142,0.031802764158517516
4,6480.0,782025540.0,6.553434404517998,44.69426922078093,2.7861333,4556.25,308581400.0,5.297830773272553,27.783816001920673,3.4417057,4556.25,82551384.0,3.169041104888922,9.794323344422876,4.409969,233.57939448751077,0.23970706102384756,0.043045278583967964
4,6480.0,682138500.0,6.780495584739053,50.59151976036757,2.9659283,4556.25,276782180.0,5.693347061404646,32.937868807779836,3.584785,4556.25,82572920.0,3.2605492427287044,11.1192307208564,4.3819504,282.11024289405685,0.27503108417854394,0.050215136729654365
4,6480.0,782025540.0,6.553434404517998,44.69426922078093,2.7861333,4556.25,308581400.0,5.297830773272553,27.783816001920673,3.4417057,4556.25,82551384.0,3.169041104888922,9.794323344422876,4.409969,233.57939448751077,0.23970706102384756,0.043045278583967964
4,6480.0,1456278800.0,11.423723504807983,139.4099884624438,2.5828438,4556.25,239112420.0,5.915000827438654,38.21361338096512,3.835714,4556.25,100803384.0,3.4599643140556187,11.550972296379886,4.2846127,208.93801894918178,0.29645615432426314,0.05380826560780286
4,6480.0,1456278800.0,11.423723504807983,139.4099884624438,2.5828438,4556.25,239112420.0,5.915000827438654,38.21361338096512,3.835714,4556.25,100803384.0,3.4599643140556187,11.550972296379886,4.2846127,208.93801894918178,0.29645615432426314,0.05380826560780286
4,6480.0,1086174500.0,9.68111360715584,106.56796708636693,2.6540623,4556.25,275560580.0,7.2571518864949685,56.98091031342271,3.8768353,4556.25,83193870.0,3.0541250701906266,8.375862491721122,4.418581,245.20431696813085,0.2791777672582585,0.046815771721724776
4,6480.0,1086174500.0,9.68111360715584,106.56796708636693,2.6540623,4556.25,275560580.0,7.2571518864949685,56.98091031342271,3.8768353,4556.25,83193870.0,3.0541250701906266,8.375862491721122,4.418581,245.20431696813085,0.2791777672582585,0.046815771721724776
4,6480.0,581853000.0,5.766581117298996,36.96487663147461,3.0300949,4556.25,194271900.0,5.356007791562569,30.1605946083965,3.9658942,4556.25,87345020.0,3.3732099862194764,11.742624756904853,4.3597484,190.05020930232556,0.29200764338168433,0.04938826023960889
4,6480.0,581853000.0,5.766581117298996,36.96487663147461,3.0300949,4556.25,194271900.0,5.356007791562569,30.1605946083965,3.9658942,4556.25,87345020.0,3.3732099862194764,11.742624756904853,4.3597484,190.05020930232556,0.29200764338168433,0.04938826023960889
4,6480.0,692046340.0,6.129653812962071,40.15993819233046,2.9301028,4556.25,201935090.0,4.461455375805954,19.13042501391443,3.7990198,4556.25,106408530.0,3.402420793457155,10.872385261081726,4.232226,211.1796640826873,0.28878917439664703,0.05531794001654419
4,6480.0,692046340.0,6.129653812962071,40.15993819233046,2.9301028,4556.25,201935090.0,4.461455375805954,19.13042501391443,3.7990198,4556.25,106408530.0,3.402420793457155,10.872385261081726,4.232226,211.1796640826873,0.28878917439664703,0.05531794001654419
4,6480.0,1147218600.0,9.473263645357388,99.97991289904577,2.6639085,4556.25,507984700.0,8.849600768496385,88.12883468177817,3.1991153,4556.25,105560184.0,3.5616151242131204,12.290845706040976,4.257064,144.76837295434973,0.30358174462644116,0.05383331726627601
4,6480.0,794512500.0,7.1090761680071495,60.527432841863046,2.7006233,4556.25,286189060.0,8.387099717168063,77.04208386255627,3.8615534,4556.25,63348336.0,2.3982540480655357,5.977570211950084,4.437382,200.25501722652885,0.3159617313963291,0.04876428682456887
4,6480.0,1147218600.0,9.473263645357388,99.97991289904577,2.6639085,4556.25,507984700.0,8.849600768496385,88.12883468177817,3.1991153,4556.25,105560184.0,3.5616151242131204,12.290845706040976,4.257064,144.76837295434973,0.30358174462644116,0.05383331726627601
4,6480.0,696365760.0,6.285825238752679,43.27366774801766,2.8432698,4556.25,300305200.0,7.181596163019715,57.18698470270525,3.7419133,4556.25,117932450.0,3.59599146509922,12.60278044895457,4.1415777,190.35950473729542,0.26612300432405434,0.05394515255913685
4,6480.0,696365760.0,6.285825238752679,43.27366774801766,2.8432698,4556.25,300305200.0,7.181596163019715,57.18698470270525,3.7419133,4556.25,117932450.0,3.59599146509922,12.60278044895457,4.1415777,190.35950473729542,0.26612300432405434,0.05394515255913685
4,6480.0,954980600.0,8.703340072123586,88.52445956492718,2.6740284,4556.25,233653090.0,5.300073640824936,27.800185640613826,3.8357804,4556.25,102462330.0,3.2789883212565605,10.949156582312973,4.203123,112.73611455641688,0.34076310681480915,0.058229129508233265
4,6480.0,954980600.0,8.703340072123586,88.52445956492718,2.6740284,4556.25,233653090.0,5.300073640824936,27.800185640613826,3.8357804,4556.25,102462330.0,3.2789883212565605,10.949156582312973,4.203123,112.73611455641688,0.34076310681480915,0.058229129508233265
4,6480.0,915461800.0,7.771255800764563,65.44478333958054,2.7170131,4556.25,229471620.0,5.051452739978935,25.39402860823562,3.7646284,4556.25,116483100.0,3.3842503866056,11.012207081763547,4.100682,160.56263049095614,0.2954891811006608,0.05615943913890127
4,6480.0,915461800.0,7.771255800764563,65.44478333958054,2.7170131,4556.25,229471620.0,5.051452739978935,25.39402860823562,3.7646284,4556.25,116483100.0,3.3842503866056,11.012207081763547,4.100682,160.56263049095614,0.2954891811006608,0.05615943913890127
4,6480.0,685730750.0,5.912210491067043,37.248803851490976,2.8173122,4556.25,244674690.0,6.281914630385519,43.1539541767893,3.7536812,4556.25,129212700.0,4.534603827244291,23.11266567144316,4.12533,295.9771662360034,0.36212539708763664,0.07445765569144566
4,6480.0,685730750.0,5.912210491067043,37.248803851490976,2.8173122,4556.25,244674690.0,6.281914630385519,43.1539541767893,3.7536812,4556.25,129212700.0,4.534603827244291,23.11266567144316,4.12533,295.9771662360034,0.36212539708763664,0.07445765569144566
4,6480.0,583862200.0,6.203432501394343,43.857114448947364,3.0150843,4556.25,242245550.0,6.134118538421431,43.385072361757615,3.7292976,4556.25,92732840.0,3.443604957590042,12.543889788573011,4.3002577,251.62240999138663,0.3928622190096285,0.0733571591454203
4,6480.0,794512500.0,7.1090761680071495,60.527432841863046,2.7006233,4556.25,286189060.0,8.387099717168063,77.04208386255627,3.8615534,4556.25,63348336.0,2.3982540480655357,5.977570211950084,4.437382,200.25501722652885,0.3159617313963291,0.04876428682456887
4,6480.0,583862200.0,6.203432501394343,43.857114448947364,3.0150843,4556.25,242245550.0,6.134118538421431,43.385072361757615,3.7292976,4556.25,92732840.0,3.443604957590042,12.543889788573011,4.3002577,251.62240999138663,0.3928622190096285,0.0733571591454203
4,6480.0,840254500.0,8.644836355640658,89.15014555914559,2.801568,4556.25,190372670.0,5.19408663678806,32.44500392782307,3.8335648,4556.25,76332710.0,3.1310777303607376,10.525711114945125,4.416483,244.99832988802757,0.3434598941545691,0.05450953536535098
4,6480.0,840254500.0,8.644836355640658,89.15014555914559,2.801568,4556.25,190372670.0,5.19408663678806,32.44500392782307,3.8335648,4556.25,76332710.0,3.1310777303607376,10.525711114945125,4.416483,244.99832988802757,0.3434598941545691,0.05450953536535098
4,6480.0,336449540.0,4.020134222522378,18.408084267293248,3.3833246,4556.25,120677970.0,6.104859514746381,49.272230863570364,4.375387,4556.25,29859080.0,1.78715535333394,3.5240163446839174,4.899312,351.6419646856159,0.3290656442605312,0.0427824231169939
4,6480.0,336449540.0,4.020134222522378,18.408084267293248,3.3833246,4556.25,120677970.0,6.104859514746381,49.272230863570364,4.375387,4556.25,29859080.0,1.78715535333394,3.5240163446839174,4.899312,351.6419646856159,0.3290656442605312,0.0427824231169939
4,6480.0,1634155100.0,10.42313113157291,119.7590985132299,2.200475,4556.25,240410500.0,5.730216047558511,33.75188944552004,3.749288,4556.25,85667120.0,2.7969891402120792,8.125498843101349,4.2444477,190.04596813092158,0.2528698860826225,0.0449959973907564
4,6480.0,1634155100.0,10.42313113157291,119.7590985132299,2.200475,4556.25,240410500.0,5.730216047558511,33.75188944552004,3.749288,4556.25,85667120.0,2.7969891402120792,8.125498843101349,4.2444477,190.04596813092158,0.2528698860826225,0.0449959973907564
4,6480.0,715520640.0,7.686381010845491,64.40858042426788,3.0481787,4556.25,214614130.0,5.209946862377872,29.564223100177465,3.7452817,4556.25,58543736.0,2.663446340406609,7.200685255930127,4.579109,232.4355848406546,0.22643113993527333,0.03570192523079497
4,6480.0,715520640.0,7.686381010845491,64.40858042426788,3.0481787,4556.25,214614130.0,5.209946862377872,29.564223100177465,3.7452817,4556.25,58543736.0,2.663446340406609,7.200685255930127,4.579109,232.4355848406546,0.22643113993527333,0.03570192523079497
4,6480.0,907576640.0,6.773140471892797,48.40696076908572,2.6054273,4556.25,259499070.0,5.756897071398586,34.27502556847147,3.7214384,4556.25,72274200.0,2.583214992028101,6.014659123954051,4.409318,207.5907605512489,0.2457562103952653,0.04062409938356751
5,6480.0,788650500.0,7.178384102482795,56.46698371886331,2.802658,4556.25,300796380.0,7.025574846847638,52.830977412102,3.8031716,4556.25,82620950.0,3.441615429868271,11.80232346286617,4.4314003,397.48713436692503,0.21194428637839777,0.04373129976096272
5,6480.0,638041700.0,6.637689841766828,51.23731731188381,2.9126122,4556.25,173703890.0,5.741868128130508,36.1067158282938,4.164621,4556.25,53848268.0,2.893539014373801,8.889496167225083,4.6514974,337.94045478036173,0.19556615865216054,0.03200497628756667
5,6480.0,733972800.0,7.86623815233163,68.65035941165941,2.9980674,4556.25,275852350.0,5.575515803905516,31.60130512832501,3.6212244,4556.25,95884000.0,3.6921079020564824,13.6586369231415,4.35664,161.10684668389317,0.24002433430940623,0.04583120053462968
5,6480.0,733972800.0,7.86623815233163,68.65035941165941,2.9980674,4556.25,275852350.0,5.575515803905516,31.60130512832501,3.6212244,4556.25,95884000.0,3.6921079020564824,13.6586369231415,4.35664,161.10684668389317,0.24002433430940623,0.04583120053462968
5,6480.0,1228918500.0,10.855954628532027,130.09862971737275,2.562964,4556.25,281087170.0,6.0015582977486766,36.67487225938223,3.7157292,4556.25,121641640.0,4.292538491120363,19.120332561334557,4.2015314,188.7883565891473,0.3936271385244144,0.07937078646270006
5,6480.0,1228918500.0,10.855954628532027,130.09862971737275,2.562964,4556.25,281087170.0,6.0015582977486766,36.67487225938223,3.7157292,4556.25,121641640.0,4.292538491120363,19.120332561334557,4.2015314,188.7883565891473,0.3936271385244144,0.07937078646270006
5,6480.0,707196350.0,6.26432201168392,43.32214558442335,2.7938404,4556.25,227343360.0,5.9355028357873625,35.80800868651785,3.960544,4556.25,94342330.0,3.587785244290447,13.191217850487615,4.3177395,298.71395865633076,0.24239809090931888,0.04924797738092276
5,6480.0,707196350.0,6.26432201168392,43.32214558442335,2.7938404,4556.25,227343360.0,5.9355028357873625,35.80800868651785,3.960544,4556.25,94342330.0,3.587785244290447,13.191217850487615,4.3177395,298.71395865633076,0.24239809090931888,0.04924797738092276
5,6480.0,615991000.0,5.574765086601087,33.46332538263623,2.8899198,4556.25,294542180.0,6.755613251339555,49.692680330463354,3.693347,4556.25,126406220.0,4.223750085720559,18.762292573166206,4.1394987,214.5839698535745,0.3212852834363306,0.06581514313897481
5,6480.0,615991000.0,5.574765086601087,33.46332538263623,2.8899198,4556.25,294542180.0,6.755613251339555,49.692680330463354,3.693347,4556.25,126406220.0,4.223750085720559,18.762292573166206,4.1394987,214.5839698535745,0.3212852834363306,0.06581514313897481
5,6480.0,863592640.0,7.809144625324469,63.188357128279335,2.9232707,4556.25,328058340.0,7.270019185612835,59.06445081412838,3.637685,4556.25,90393040.0,3.2544529747970192,9.895198663088369,4.362952,307.4734556416881,0.3042372632667072,0.05580697647425672
5,6480.0,788650500.0,7.178384102482795,56.46698371886331,2.802658,4556.25,300796380.0,7.025574846847638,52.830977412102,3.8031716,4556.25,82620950.0,3.441615429868271,11.80232346286617,4.4314003,397.48713436692503,0.21194428637839777,0.04373129976096272
5,6480.0,863592640.0,7.809144625324469,63.188357128279335,2.9232707,4556.25,328058340.0,7.270019185612835,59.06445081412838,3.637685,4556.25,90393040.0,3.2544529747970192,9.895198663088369,4.362952,307.4734556416881,0.3042372632667072,0.05580697647425672
5,6480.0,579096300.0,6.586726204356912,48.5174841104407,3.110457,4556.25,187419820.0,6.010467416944641,38.571630492021676,4.168783,4556.25,43032692.0,2.2760185823937253,4.718127068774892,4.7426667,432.0773695090439,0.2540199696625628,0.039403362498231044
5,6480.0,579096300.0,6.586726204356912,48.5174841104407,3.110457,4556.25,187419820.0,6.010467416944641,38.571630492021676,4.168783,4556.25,43032692.0,2.2760185823937253,4.718127068774892,4.7426667,432.0773695090439,0.2540199696625628,0.039403362498231044
5,6480.0,510500030.0,5.908596823724106,39.34945372415696,3.200567,4556.25,248256020.0,7.217247975258679,57.43225024804399,4.0247035,4556.25,90756890.0,3.9876407629967145,16.899761233715097,4.4263353,296.9269862187769,0.2811009333497787,0.050730532743361305
5,6480.0,510500030.0,5.908596823724106,39.34945372415696,3.200567,4556.25,248256020.0,7.217247975258679,57.43225024804399,4.0247035,4556.25,90756890.0,3.9876407629967145,16.899761233715097,4.4263353,296.9269862187769,0.2811009333497787,0.050730532743361305
5,6480.0,839571140.0,9.432223402826441,100.88039023890369,2.915916,4556.25,178483380.0,6.065375292251495,38.107214538091206,4.247778,4556.25,76267550.0,3.6789998835166275,15.167267131480333,4.463888,261.74999310938847,0.34001835988132567,0.055621629124578645
5,6480.0,839571140.0,9.432223402826441,100.88039023890369,2.915916,4556.25,178483380.0,6.065375292251495,38.107214538091206,4.247778,4556.25,76267550.0,3.6789998835166275,15.167267131480333,4.463888,261.74999310938847,0.34001835988132567,0.055621629124578645
5,6480.0,663743550.0,6.711364492018912,49.16265587262187,3.0224457,4556.25,179109390.0,5.161675835110985,28.144502295239068,4.0711374,4556.25,73686180.0,3.386910182406895,11.852679986868258,4.5113645,218.3923669250646,0.262051460335746,0.04593588791037223
5,6480.0,663743550.0,6.711364492018912,49.16265587262187,3.0224457,4556.25,179109390.0,5.161675835110985,28.144502295239068,4.0711374,4556.25,73686180.0,3.386910182406895,11.852679986868258,4.5113645,218.3923669250646,0.262051460335746,0.04593588791037223
5,6480.0,482321280.0,5.982925730270291,40.19176439474989,3.251582,4556.25,167004080.0,5.418913853411114,31.642079918091447,4.1425514,4556.25,80894580.0,3.7853700485941726,15.596990880888725,4.468676,217.12927217915592,0.27188476321276106,0.04857289688096087
5,6480.0,671029500.0,6.402869131436661,46.38254552109493,2.8666499,4556.25,227395260.0,6.272432082793483,43.05566599091543,3.9715157,4556.25,114764220.0,4.603365893651938,23.127779157989977,4.298838,413.80848320413446,0.3360737065761714,0.06876700780295607
5,6480.0,482321280.0,5.982925730270291,40.19176439474989,3.251582,4556.25,167004080.0,5.418913853411114,31.642079918091447,4.1425514,4556.25,80894580.0,3.7853700485941726,15.596990880888725,4.468676,217.12927217915592,0.27188476321276106,0.04857289688096087
5,6480.0,1166345600.0,8.46724006380114,74.87504254965276,2.582501,4556.25,310340160.0,6.866377378546911,51.21919425247086,3.7045953,4556.25,131629560.0,4.345532570281567,19.68324551140434,4.1535034,267.2721498708011,0.28087560007151485,0.06039949104408895
5,6480.0,1166345600.0,8.46724006380114,74.87504254965276,2.582501,4556.25,310340160.0,6.866377378546911,51.21919425247086,3.7045953,4556.25,131629560.0,4.345532570281567,19.68324551140434,4.1535034,267.2721498708011,0.28087560007151485,0.06039949104408895
5,6480.0,1162496300.0,9.439272097922451,94.27306729721843,2.6687722,4556.25,356187870.0,8.59054304601501,81.60649138656065,3.6200182,4556.25,152836030.0,5.270452498634605,31.248348101428547,4.0703335,200.5521559000861,0.3592085511696981,0.07614456300238753
5,6480.0,1162496300.0,9.439272097922451,94.27306729721843,2.6687722,4556.25,356187870.0,8.59054304601501,81.60649138656065,3.6200182,4556.25,152836030.0,5.270452498634605,31.248348101428547,4.0703335,200.5521559000861,0.3592085511696981,0.07614456300238753
5,6480.0,302822750.0,3.8004487790505834,15.897442998149732,3.4314108,4556.25,74038610.0,4.706566956220002,25.902853698922154,4.6881886,4556.25,45003830.0,2.2063339213858404,5.01645520747587,4.698923,355.5774099913868,0.3086117566960135,0.04794889149833909
5,6480.0,302822750.0,3.8004487790505834,15.897442998149732,3.4314108,4556.25,74038610.0,4.706566956220002,25.902853698922154,4.6881886,4556.25,45003830.0,2.2063339213858404,5.01645520747587,4.698923,355.5774099913868,0.3086117566960135,0.04794889149833909
5,6480.0,852000600.0,7.774089878756592,67.49788733729194,2.7823734,4556.25,203831500.0,6.257696604474139,41.562810228158305,4.084906,4556.25,117471790.0,4.493535859542766,21.35031320944353,4.2814693,345.9021059431525,0.4085153394854008,0.09321729667222697
5,6480.0,852000600.0,7.774089878756592,67.49788733729194,2.7823734,4556.25,203831500.0,6.257696604474139,41.562810228158305,4.084906,4556.25,117471790.0,4.493535859542766,21.35031320944353,4.2814693,345.9021059431525,0.4085153394854008,0.09321729667222697
5,6480.0,349891100.0,3.9094564024521006,16.80930978197273,3.2713213,4556.25,206269550.0,5.442578348176154,30.79119685922297,3.9339862,4556.25,54899756.0,2.509013067956172,5.737064521412945,4.6159067,317.763976744186,0.2558189574630841,0.03880221389195767
5,6480.0,671029500.0,6.402869131436661,46.38254552109493,2.8666499,4556.25,227395260.0,6.272432082793483,43.05566599091543,3.9715157,4556.25,114764220.0,4.603365893651938,23.127779157989977,4.298838,413.80848320413446,0.3360737065761714,0.06876700780295607
5,6480.0,349891100.0,3.9094564024521006,16.80930978197273,3.2713213,4556.25,206269550.0,5.442578348176154,30.79119685922297,3.9339862,4556.25,54899756.0,2.509013067956172,5.737064521412945,4.6159067,317.763976744186,0.2558189574630841,0.03880221389195767
5,6480.0,1266700400.0,9.493005223130309,99.11857972448621,2.4410753,4556.25,228595460.0,5.7542550511073705,35.976681769514244,3.731101,4556.25,137570200.0,4.891984663508218,25.78132206839726,4.14102,107.10285271317828,0.4261411786289833,0.08644949509783949
5,6480.0,1266700400.0,9.493005223130309,99.11857972448621,2.4410753,4556.25,228595460.0,5.7542550511073705,35.976681769514244,3.731101,4556.25,137570200.0,4.891984663508218,25.78132206839726,4.14102,107.10285271317828,0.4261411786289833,0.08644949509783949
5,6480.0,370963740.0,4.558530732193098,23.08232787916713,3.331828,4556.25,98722110.0,4.6248013292729535,28.523322488531754,4.418361,4556.25,28062250.0,2.011045155695326,5.150563332285046,4.9375386,360.87521274763134,0.24863337876628616,0.03251513073903565
5,6480.0,370963740.0,4.558530732193098,23.08232787916713,3.331828,4556.25,98722110.0,4.6248013292729535,28.523322488531754,4.418361,4556.25,28062250.0,2.011045155695326,5.150563332285046,4.9375386,360.87521274763134,0.24863337876628616,0.03251513073903565
5,6480.0,738358900.0,7.475506716753394,64.67794070452739,2.9096298,4556.25,200110560.0,5.3033933949572925,29.639348571075452,3.982039,4556.25,98746430.0,3.912721250679963,15.284809641451613,4.3792815,316.9903746770026,0.2432914999604868,0.04888956109750624
5,6480.0,738358900.0,7.475506716753394,64.67794070452739,2.9096298,4556.25,200110560.0,5.3033933949572925,29.639348571075452,3.982039,4556.25,98746430.0,3.912721250679963,15.284809641451613,4.3792815,316.9903746770026,0.2432914999604868,0.04888956109750624
5,6480.0,923201150.0,6.882442591955431,48.842202483327284,2.633484,4556.25,373666700.0,7.781068942702188,67.86902992736529,3.5009878,4556.25,79346950.0,3.2905387708508798,10.470122538211948,4.4785786,188.52190956072354,0.3286204394609126,0.04942988075497344
5,6480.0,923201150.0,6.882442591955431,48.842202483327284,2.633484,4556.25,373666700.0,7.781068942702188,67.86902992736529,3.5009878,4556.25,79346950.0,3.2905387708508798,10.470122538211948,4.4785786,188.52190956072354,0.3286204394609126,0.04942988075497344
5,6480.0,638041700.0,6.637689841766828,51.23731731188381,2.9126122,4556.25,173703890.0,5.741868128130508,36.1067158282938,4.164621,4556.25,53848268.0,2.893539014373801,8.889496167225083,4.6514974,337.94045478036173,0.19556615865216054,0.03200497628756667
