label,R,G,B,dissimilarity 0,dissimilarity 45,dissimilarity 90,dissimilarity 135,correlation 0,correlation 45,correlation 90,correlation 135,contrast 0,contrast 45,contrast 90,contrast 135
1,118.86013460219479,143.3093758573388,121.54983624828532,8.095803617571354,8.499322839651786,8.145705426356885,8.392516341676515,0.9408756970372353,0.9362276062236343,0.9400801420655844,0.9369533103838008,282.1102428940625,304.72630457015975,286.0093729543548,301.2590362902912
1,95.07924554183813,123.15312414266118,107.7512920096022,8.94790267011243,9.273059728307661,9.282256675280612,9.353004380813791,0.9526653213909597,0.94829663933174,0.948807766994154,0.9489498860950496,256.2113548665066,280.11483223009446,277.16273040484134,276.57586787083926
1,95.07924554183813,123.15312414266118,107.7512920096022,8.94790267011243,9.273059728307661,9.282256675280612,9.353004380813791,0.9526653213909597,0.94829663933174,0.948807766994154,0.9489498860950496,256.2113548665066,280.11483223009446,277.16273040484134,276.57586787083926
1,97.6183067558299,127.1239566186557,115.57287294238684,7.61690869939763,7.713744282141896,7.599437553833473,7.864007372757083,0.9643417805391179,0.9626689626597308,0.9639469141981988,0.9629895255901421,247.95859517658988,259.89157142662145,250.8045762274093,257.65966560028136
1,100.84453703703704,137.06739711934156,127.02667181069958,5.5513781223084235,5.746418996421205,5.457333333333445,5.7146218266750015,0.966007310944492,0.9640175771114295,0.9675789413387844,0.9646232974325043,183.97675107666083,194.99203300121232,175.47528682170648,191.70952066722285
1,100.84453703703704,137.06739711934156,127.02667181069958,5.5513781223084235,5.746418996421205,5.457333333333445,5.7146218266750015,0.966007310944492,0.9640175771114295,0.9675789413387844,0.9646232974325043,183.97675107666083,194.99203300121232,175.47528682170648,191.70952066722285
1,143.81965020576132,156.5849785665295,141.29863940329219,5.452784668389737,5.916059755946647,5.61381050818288,5.777979505535459,0.9750597884010139,0.9733709267136683,0.9758699896614903,0.9733649146645348,176.05805081827634,188.295400837489,170.48275107666686,188.3373329556174
1,143.81965020576132,156.5849785665295,141.29863940329219,5.452784668389737,5.916059755946647,5.61381050818288,5.777979505535459,0.9750597884010139,0.9733709267136683,0.9758699896614903,0.9733649146645348,176.05805081827634,188.295400837489,170.48275107666686,188.3373329556174
1,117.62745970507545,138.91559585048012,130.0414317558299,7.2150327304052215,7.488345759456886,7.316684754522428,7.623205179586603,0.9613817972210665,0.9607407189252113,0.9641427155191015,0.9597382681855846,233.5793944875257,237.8150566258253,216.85064857882898,243.88751364687798
1,117.62745970507545,138.91559585048012,130.0414317558299,7.2150327304052215,7.488345759456886,7.316684754522428,7.623205179586603,0.9613817972210665,0.9607407189252113,0.9641427155191015,0.9597382681855846,233.5793944875257,237.8150566258253,216.85064857882898,243.88751364687798
1,115.28969650205761,141.34115226337448,134.20493912894375,6.90696813092184,7.092216456379051,6.677942291128549,6.92500880999496,0.9629647335231716,0.9598110259323692,0.9631869580851264,0.961950366099809,208.93801894918715,227.08961837179092,207.72907407408175,215.00110470420645
1,118.86013460219479,143.3093758573388,121.54983624828532,8.095803617571354,8.499322839651786,8.145705426356885,8.392516341676515,0.9408756970372353,0.9362276062236343,0.9400801420655844,0.9369533103838008,282.1102428940625,304.72630457015975,286.0093729543548,301.2590362902912
1,115.28969650205761,141.34115226337448,134.20493912894375,6.90696813092184,7.092216456379051,6.677942291128549,6.92500880999496,0.9629647335231716,0.9598110259323692,0.9631869580851264,0.961950366099809,208.93801894918715,227.08961837179092,207.72907407408175,215.00110470420645
1,135.84732338820302,156.6842524005487,145.82484310699587,7.475943152454867,7.417110045467194,6.86627734711468,7.482394694656735,0.9599059110628027,0.959341689105076,0.9639414789477909,0.9604008098818679,245.2043169681351,248.89804072637747,220.32899397072194,242.41480476363458
1,135.84732338820302,156.6842524005487,145.82484310699587,7.475943152454867,7.417110045467194,6.86627734711468,7.482394694656735,0.9599059110628027,0.959341689105076,0.9639414789477909,0.9604008098818679,245.2043169681351,248.89804072637747,220.32899397072194,242.41480476363458
1,119.50803240740741,143.07905521262003,125.24581447187929,6.189079242032792,6.337962611075681,5.819779500430756,6.116419756499339,0.966509772283263,0.9659715161040123,0.9692007443108231,0.965856355179507,190.0502093023275,193.32707449456322,174.70763307493885,193.98122261993566
1,119.50803240740741,143.07905521262003,125.24581447187929,6.189079242032792,6.337962611075681,5.819779500430756,6.116419756499339,0.966509772283263,0.9659715161040123,0.9692007443108231,0.965856355179507,190.0502093023275,193.32707449456322,174.70763307493885,193.98122261993566
1,131.33979423868314,149.9340715020576,139.72523405349793,6.347602067183707,6.501468332389687,6.0940913006031465,6.361373011705939,0.957397464073783,0.9564503155997388,0.959710953595383,0.9567228883413955,211.17966408269228,216.25487313610054,199.69122652886068,214.9014256643945
1,120.08552640603567,139.3259122085048,126.69230195473251,5.543830318690773,5.807611316870086,5.530763135228282,5.653162615221474,0.9737217188067758,0.9704038153501171,0.9721427444138026,0.971631955163286,144.76837295434947,163.30799135585158,153.43160034452936,156.53121847405419
1,126.35532578875171,145.39309927983538,137.56870284636489,6.0999336778641995,6.232507842623146,5.866161068045106,6.041977895552213,0.965862681551593,0.9654697137175277,0.9677832855606124,0.9654437005251923,190.35950473730472,192.87834088806548,179.6478440999242,193.02359264661123
1,126.35532578875171,145.39309927983538,137.56870284636489,6.0999336778641995,6.232507842623146,5.866161068045106,6.041977895552213,0.965862681551593,0.9654697137175277,0.9677832855606124,0.9654437005251923,190.35950473730472,192.87834088806548,179.6478440999242,193.02359264661123
1,132.768268175583,149.64931841563785,142.7846784979424,4.365036175710605,4.466470198035304,4.114725236864778,4.4060535025777545,0.9776851765225372,0.9772803619583638,0.9792756705206105,0.9756078565880666,112.73611455641515,114.99487638369727,104.70145736433989,123.46012441094899
1,118.17417095336077,146.605911351166,120.4053549382716,6.868264427217978,7.07008436865207,6.774802756244709,6.977568199721399,0.9634255640125738,0.9618885175631506,0.9643695142360812,0.9616204311480778,200.25501722653115,208.89658275867978,195.20324031008235,210.36614250080746
1,132.768268175583,149.64931841563785,142.7846784979424,4.365036175710605,4.466470198035304,4.114725236864778,4.4060535025777545,0.9776851765225372,0.9772803619583638,0.9792756705206105,0.9756078565880666,112.73611455641515,114.99487638369727,104.70145736433989,123.46012441094899
1,125.55164523319615,143.26001371742112,135.55579303840878,5.392880275624516,5.4642521524031205,5.136792420327413,5.391406455135274,0.9722368169717458,0.9720518333343485,0.9738115100582867,0.971217840512492,160.56263049095654,161.91406627881224,151.4537915590002,166.7457824311596
1,125.55164523319615,143.26001371742112,135.55579303840878,5.392880275624516,5.4642521524031205,5.136792420327413,5.391406455135274,0.9722368169717458,0.9720518333343485,0.9738115100582867,0.971217840512492,160.56263049095654,161.91406627881224,151.4537915590002,166.7457824311596
1,108.86392918381344,143.72773748285323,121.63574074074074,7.92527993109432,8.0373422838278,7.81474418604707,8.128136185238832,0.9506002695146835,0.9501397251813338,0.952584353776395,0.9489370646154333,295.9771662360185,298.9413703514609,284.04796037900127,306.15171587597996
1,108.86392918381344,143.72773748285323,121.63574074074074,7.92527993109432,8.0373422838278,7.81474418604707,8.128136185238832,0.9506002695146835,0.9501397251813338,0.952584353776395,0.9489370646154333,295.9771662360185,298.9413703514609,284.04796037900127,306.15171587597996
1,99.15234910836763,127.32941358024691,111.90798696844993,6.9552144702845755,7.081360297675098,7.023854435831489,7.232314368237916,0.9614021619838904,0.9594506050780645,0.9596234265604892,0.9579022014367876,251.6224099914022,264.474441515478,263.17248492679767,274.5732715136843
1,99.15234910836763,127.32941358024691,111.90798696844993,6.9552144702845755,7.081360297675098,7.023854435831489,7.232314368237916,0.9614021619838904,0.9594506050780645,0.9596234265604892,0.9579022014367876,251.6224099914022,264.474441515478,263.17248492679767,274.5732715136843
1,102.94690757887517,135.88860939643348,116.26587105624142,6.8101627906980875,7.009395599840381,6.655712316968522,6.91118834731495,0.9547714573788756,0.9536045549645634,0.9585496063379608,0.9546357384460356,244.99832988804218,251.51361230499052,224.60761240311365,245.92323385527462
1,102.94690757887517,135.88860939643348,116.26587105624142,6.8101627906980875,7.009395599840381,6.655712316968522,6.91118834731495,0.9547714573788756,0.9536045549645634,0.9585496063379608,0.9546357384460356,244.99832988804218,251.51361230499052,224.60761240311365,245.92323385527462
1,108.67797153635117,141.16729852537722,112.19459962277092,9.4161300602935,9.595025289867074,9.614353143842031,10.26036642666739,0.9473949733020723,0.9459460758687732,0.9470896898239728,0.9408196584847748,351.6419646856278,361.6680670527282,354.2480172265416,395.9695053274899
1,118.17417095336077,146.605911351166,120.4053549382716,6.868264427217978,7.07008436865207,6.774802756244709,6.977568199721399,0.9634255640125738,0.9618885175631506,0.9643695142360812,0.9616204311480778,200.25501722653115,208.89658275867978,195.20324031008235,210.36614250080746
1,108.67797153635117,141.16729852537722,112.19459962277092,9.4161300602935,9.595025289867074,9.614353143842031,10.26036642666739,0.9473949733020723,0.9459460758687732,0.9470896898239728,0.9408196584847748,351.6419646856278,361.6680670527282,354.2480172265416,395.9695053274899
1,115.81174811385459,141.6288297325103,123.18298525377229,6.7158854435833035,6.953075551748265,6.532122308355206,6.674223684029428,0.9667720582848165,0.9633365487104437,0.9669903256586831,0.9659529157629084,190.04596813092903,209.99191035228026,188.86300430663985,195.00649002917575
1,115.81174811385459,141.6288297325103,123.18298525377229,6.7158854435833035,6.953075551748265,6.532122308355206,6.674223684029428,0.9667720582848165,0.9633365487104437,0.9669903256586831,0.9659529157629084,190.04596813092903,209.99191035228026,188.86300430663985,195.00649002917575
1,106.39864283264747,132.34409379286694,115.74960819615912,7.879150732127841,8.294045653045902,7.8196709732993295,8.090454457512315,0.9564984060279048,0.9525380858621573,0.9569580256130301,0.954049837298357,232.4355848406639,253.93669500838226,230.0734384151683,245.84852337586847
1,111.84513374485597,140.72362054183813,133.73461676954733,7.385024117140752,7.589533726732025,7.326511627907306,7.421508132834675,0.9610272082612666,0.959280911492161,0.9610666788249846,0.9603828028149572,207.59076055125522,217.23383625158831,207.39788113696227,211.35519478726454
1,111.84513374485597,140.72362054183813,133.73461676954733,7.385024117140752,7.589533726732025,7.326511627907306,7.421508132834675,0.9610272082612666,0.959280911492161,0.9610666788249846,0.9603828028149572,207.59076055125522,217.23383625158831,207.39788113696227,211.35519478726454
2,129.33227794924554,145.8304809670782,170.02961848422495,8.840238587425324,8.828356262351969,7.746450473730169,9.108453621426602,0.8925072369525631,0.8965771573276717,0.9272466996949583,0.8925549749229293,426.60701722656546,412.75363196337827,294.0640956072566,428.79913126549354
2,124.1437457133059,142.4264746227709,159.81890260631002,6.388407407407736,6.5532590069239065,6.384422911283686,6.77103688450991,0.9421084149365105,0.9415089663147074,0.9441453100557697,0.9371858506052844,157.6987639965608,159.7003513633078,152.18143927649248,171.50421497768664
2,130.9792181069959,150.51937585733882,157.43042781207134,5.4696425495266565,5.627807106038031,5.608639104220891,5.864100655049256,0.9491388669702887,0.9473674281570057,0.9470049150611654,0.9448076034920808,116.51748751077247,120.85438461326318,121.44959345392465,126.73227895552004
2,130.9792181069959,150.51937585733882,157.43042781207134,5.4696425495266565,5.627807106038031,5.608639104220891,5.864100655049256,0.9491388669702887,0.9473674281570057,0.9470049150611654,0.9448076034920808,116.51748751077247,120.85438461326318,121.44959345392465,126.73227895552004
2,124.43055555555556,148.16654835390946,156.50527349108367,5.234093884582515,5.359557461892681,5.287186907838369,5.520330357513226,0.9511487975783354,0.9505907881925275,0.9534636315094118,0.9497473699702483,113.749346253234,115.31774281035837,108.37140913006466,117.28632136095926
2,124.43055555555556,148.16654835390946,156.50527349108367,5.234093884582515,5.359557461892681,5.287186907838369,5.520330357513226,0.9511487975783354,0.9505907881925275,0.9534636315094118,0.9497473699702483,113.749346253234,115.31774281035837,108.37140913006466,117.28632136095926
2,125.2066006515775,145.1448062414266,156.97712534293552,6.756686477175399,6.919361776371708,6.8436976744191,7.173879921505147,0.9062209699346225,0.9040798699292932,0.9056653523401162,0.8987229559310448,182.18497071491407,186.74400834013807,183.29068647718663,197.17354479624217
2,122.00500171467765,142.96590192043897,158.50312585733883,6.599876830319002,6.854500352400137,6.615701119724778,7.039974917428204,0.9483440240085924,0.9461704443744524,0.9495832871961489,0.9440399055020724,167.39241774333084,174.84556079933174,163.4598010335997,181.76589253880596
2,122.00500171467765,142.96590192043897,158.50312585733883,6.599876830319002,6.854500352400137,6.615701119724778,7.039974917428204,0.9483440240085924,0.9461704443744524,0.9495832871961489,0.9440399055020724,167.39241774333084,174.84556079933174,163.4598010335997,181.76589253880596
2,123.66905606995884,141.8757355967078,162.06393432784637,6.169185185185364,6.295028572021035,6.244772609819282,6.557162179903745,0.9567723487957841,0.9554768955618336,0.957052065663718,0.9534038787491955,121.20638070628914,125.11481581929905,120.4455426356599,130.94025700999495
2,129.33227794924554,145.8304809670782,170.02961848422495,8.840238587425324,8.828356262351969,7.746450473730169,9.108453621426602,0.8925072369525631,0.8965771573276717,0.9272466996949583,0.8925549749229293,426.60701722656546,412.75363196337827,294.0640956072566,428.79913126549354
2,123.66905606995884,141.8757355967078,162.06393432784637,6.169185185185364,6.295028572021035,6.244772609819282,6.557162179903745,0.9567723487957841,0.9554768955618336,0.957052065663718,0.9534038787491955,121.20638070628914,125.11481581929905,120.4455426356599,130.94025700999495
2,123.1371999314129,142.34005572702333,166.1682210219479,6.256096468561906,6.464360981744516,6.3193359173129,6.778910601014582,0.9401306461684794,0.9390337084799517,0.9412198350446187,0.9326999723081478,168.68074590870512,172.17452944265932,165.64596124031632,190.0616699603409
2,123.1371999314129,142.34005572702333,166.1682210219479,6.256096468561906,6.464360981744516,6.3193359173129,6.778910601014582,0.9401306461684794,0.9390337084799517,0.9412198350446187,0.9326999723081478,168.68074590870512,172.17452944265932,165.64596124031632,190.0616699603409
2,124.2189446159122,144.7669255829904,174.8861025377229,6.30450215331665,6.523902723843375,6.382042204996281,6.731970605713443,0.9236096244708841,0.9195707621018344,0.9235234375134892,0.916135864919536,183.81959086995496,193.93310623126774,184.27492248063592,202.2190406434527
2,124.2189446159122,144.7669255829904,174.8861025377229,6.30450215331665,6.523902723843375,6.382042204996281,6.731970605713443,0.9236096244708841,0.9195707621018344,0.9235234375134892,0.916135864919536,183.81959086995496,193.93310623126774,184.27492248063592,202.2190406434527
2,125.16557098765432,146.4565586419753,153.60424982853223,6.09702497846712,6.237660825583164,6.188756244617041,6.5804611600174585,0.9503842387818467,0.9501999630234416,0.9508328702979655,0.9449055809559971,150.73050301464784,151.64088044665553,149.41955900086523,167.7625050096115
2,125.16557098765432,146.4565586419753,153.60424982853223,6.09702497846712,6.237660825583164,6.188756244617041,6.5804611600174585,0.9503842387818467,0.9501999630234416,0.9508328702979655,0.9449055809559971,150.73050301464784,151.64088044665553,149.41955900086523,167.7625050096115
2,124.68314814814815,145.01723165294925,162.7249828532236,6.231853574504928,6.337759635715522,6.349990525409333,6.534769247246658,0.953005188529769,0.9513480221231193,0.9517075916314074,0.9495100742738422,108.83522825150901,112.93432926576709,111.8757751938009,117.20067353270703
2,124.68314814814815,145.01723165294925,162.7249828532236,6.231853574504928,6.337759635715522,6.349990525409333,6.534769247246658,0.953005188529769,0.9513480221231193,0.9517075916314074,0.9495100742738422,108.83522825150901,112.93432926576709,111.8757751938009,117.20067353270703
2,115.48944101508917,133.76600737311387,169.48482167352537,8.157941429802422,8.263108753334365,8.360293712317533,8.681274270670992,0.9177391198891629,0.9179648178815769,0.9158639812821117,0.9097011251316597,229.87070801035213,229.77768324789102,235.1702420327401,252.92445948094755
2,121.53094478737997,139.0531970164609,168.41121484910838,6.7797863910423075,7.000317850776056,6.802303186907934,7.145473735852333,0.9417678139524872,0.9377312712786519,0.9421121351414684,0.9372617920740988,187.24458742463696,200.68087263857728,186.16128682170995,202.19378187145372
2,167.20139917695474,184.64020061728394,188.4423396776406,7.034727820844373,7.252592902254669,6.251735572782092,7.358701510482919,0.9369785588093925,0.936215415801761,0.9620692329776224,0.9373271738245657,330.58932558140265,335.6042205055548,202.00152885443887,329.73334738328924
2,167.20139917695474,184.64020061728394,188.4423396776406,7.034727820844373,7.252592902254669,6.251735572782092,7.358701510482919,0.9369785588093925,0.936215415801761,0.9620692329776224,0.9373271738245657,330.58932558140265,335.6042205055548,202.00152885443887,329.73334738328924
2,129.5053798010974,144.01278635116597,165.7028549382716,7.461339362618887,7.476612056218747,7.110526270456848,7.959003295975053,0.9293306924999101,0.9310194333291604,0.9414077825914339,0.924654389040583,269.84039707150237,264.18809337904935,225.24848664945006,288.5617053730802
2,129.5053798010974,144.01278635116597,165.7028549382716,7.461339362618887,7.476612056218747,7.110526270456848,7.959003295975053,0.9293306924999101,0.9310194333291604,0.9414077825914339,0.924654389040583,269.84039707150237,264.18809337904935,225.24848664945006,288.5617053730802
2,125.0652237654321,140.70748456790125,160.51335991083675,7.537776055125176,7.795147766062362,7.756876830319054,8.177296817346926,0.936189532839102,0.9343148671507328,0.9340462343266559,0.9280964020470944,219.7236520241233,226.6954773635073,227.21493712317954,248.15722730477512
2,125.0652237654321,140.70748456790125,160.51335991083675,7.537776055125176,7.795147766062362,7.756876830319054,8.177296817346926,0.936189532839102,0.9343148671507328,0.9340462343266559,0.9280964020470944,219.7236520241233,226.6954773635073,227.21493712317954,248.15722730477512
2,129.87475737311385,151.3170447530864,164.59846021947874,7.360366063738895,7.540250445682653,7.562455641688917,8.01587612802527,0.9037846560179611,0.9003672974463832,0.8984535998120236,0.8895433275682072,268.4292911283598,278.58293745942,283.3783540051942,308.8473979422765
2,122.68079732510289,144.86077246227708,163.26848079561043,5.605961240310275,5.76490098257363,5.782533161068206,6.05877475435682,0.9585751368405264,0.9569055761314935,0.9565171322227757,0.9537519577113033,107.01584582256912,111.58085847349035,112.34075710594486,119.74640863172398
2,122.68079732510289,144.86077246227708,163.26848079561043,5.605961240310275,5.76490098257363,5.782533161068206,6.05877475435682,0.9585751368405264,0.9569055761314935,0.9565171322227757,0.9537519577113033,107.01584582256912,111.58085847349035,112.34075710594486,119.74640863172398
2,117.22726423182442,142.9500205761317,164.00453360768176,6.018311800172485,6.19670903525401,6.131212747631596,6.398336984010944,0.957850174421358,0.9554632856785449,0.9568894741324557,0.9531131990263149,118.40765202411977,125.38461239480081,121.09409474591237,132.00098205525387
2,117.22726423182442,142.9500205761317,164.00453360768176,6.018311800172485,6.19670903525401,6.131212747631596,6.398336984010944,0.957850174421358,0.9554632856785449,0.9568894741324557,0.9531131990263149,118.40765202411977,125.38461239480081,121.09409474591237,132.00098205525387
2,126.05754801097393,140.28592764060357,166.66802554869685,8.439252368648097,8.66123930708592,8.448813953488813,8.871271299457492,0.9377809349345801,0.9352125040023779,0.9384543420375284,0.9338807531489818,289.31385874246956,301.84114630120115,286.23854521964745,308.04509421513535
2,126.05754801097393,140.28592764060357,166.66802554869685,8.439252368648097,8.66123930708592,8.448813953488813,8.871271299457492,0.9377809349345801,0.9352125040023779,0.9384543420375284,0.9338807531489818,289.31385874246956,301.84114630120115,286.23854521964745,308.04509421513535
2,122.66739283264747,142.4046416323731,157.40506172839505,5.56179586563321,5.732297093738433,5.674518518518666,5.89421442489757,0.9576045114432089,0.9567715512706955,0.9578627943906391,0.9543016994869273,113.34615762274109,115.8437487044139,112.66645994832136,122.46252815743613
2,122.66739283264747,142.4046416323731,157.40506172839505,5.56179586563321,5.732297093738433,5.674518518518666,5.89421442489757,0.9576045114432089,0.9567715512706955,0.9578627943906391,0.9543016994869273,113.34615762274109,115.8437487044139,112.66645994832136,122.46252815743613
2,121.4878120713306,137.57137002743485,179.44558384773663,5.860466838932157,6.027517412694822,5.903677863910635,6.168508416135958,0.9283954483289988,0.9273500640135699,0.9284745612293248,0.923800316827371,154.58183462532725,157.20623764873733,154.46002239449032,164.88752833018322
2,121.4878120713306,137.57137002743485,179.44558384773663,5.860466838932157,6.027517412694822,5.903677863910635,6.168508416135958,0.9283954483289988,0.9273500640135699,0.9284745612293248,0.923800316827371,154.58183462532725,157.20623764873733,154.46002239449032,164.88752833018322
2,124.1437457133059,142.4264746227709,159.81890260631002,6.388407407407736,6.5532590069239065,6.384422911283686,6.77103688450991,0.9421084149365105,0.9415089663147074,0.9441453100557697,0.9371858506052844,157.6987639965608,159.7003513633078,152.18143927649248,171.50421497768664
3,134.95812671467763,155.80334619341565,134.38632630315502,6.29129198966455,6.650054932906627,6.377709732989181,6.4391030734794175,0.9601481004285305,0.9577169351666828,0.9629242142851818,0.9603050370772767,178.21713867356766,189.46335387848586,165.88184409992533,177.8664914456838
3,137.0116546639232,158.14772633744855,131.41087620027434,5.677229974160516,6.457178245187954,6.5196985357454205,6.595229992676256,0.9620457436495419,0.9484436591897443,0.94732583547602,0.9470306610641491,174.90192075797657,237.63642708090404,242.55917312662694,244.1538475491134
3,129.5236488340192,153.08016117969822,133.1493998628258,4.289087855297178,4.707985828001616,4.506931093884484,4.680513329003548,0.9713026836542775,0.9661210295609212,0.9683690005853494,0.9660837045352387,150.29786821705278,177.66259190034384,165.6144056847518,177.8579535246989
3,129.5236488340192,153.08016117969822,133.1493998628258,4.289087855297178,4.707985828001616,4.506931093884484,4.680513329003548,0.9713026836542775,0.9661210295609212,0.9683690005853494,0.9660837045352387,150.29786821705278,177.66259190034384,165.6144056847518,177.8579535246989
3,130.49748885459533,152.97384516460906,138.79595078875172,5.547504737295691,5.936130132254227,5.909679586563577,6.0475791517537205,0.9686656688233136,0.9643385827391505,0.9669610238576812,0.9653764117368134,167.49338415159883,190.92697637541198,176.6449732988873,185.37105104961225
3,130.49748885459533,152.97384516460906,138.79595078875172,5.547504737295691,5.936130132254227,5.909679586563577,6.0475791517537205,0.9686656688233136,0.9643385827391505,0.9669610238576812,0.9653764117368134,167.49338415159883,190.92697637541198,176.6449732988873,185.37105104961225
3,123.11329046639231,139.09308470507546,133.30785322359395,5.217571920758427,5.6547691436002525,5.653637381568072,5.682884253949657,0.975070977918826,0.9722329980530199,0.972989223448714,0.9724580366191157,156.07437639966852,174.12447140035977,169.06032988804282,172.71282787000476
3,141.5323353909465,160.95405521262003,129.99558470507546,4.3064366925066935,4.64448217962756,4.505237726098423,4.502108352565964,0.9666850376437189,0.9635247522303365,0.965545864142854,0.964462829814639,96.46810766580926,105.8205283232768,99.84710508182978,103.0994173311674
3,141.5323353909465,160.95405521262003,129.99558470507546,4.3064366925066935,4.64448217962756,4.505237726098423,4.502108352565964,0.9666850376437189,0.9635247522303365,0.965545864142854,0.964462829814639,96.46810766580926,105.8205283232768,99.84710508182978,103.0994173311674
3,122.9047633744856,144.19894290123457,123.16580161179698,7.5002678725241925,7.868687034453218,7.312548664944543,7.84749813435506,0.9536076450615714,0.9500027126773624,0.9574897257232924,0.9490594283756938,248.76294315247196,268.52742413042904,228.10474504739017,273.59497605757343
3,134.95812671467763,155.80334619341565,134.38632630315502,6.29129198966455,6.650054932906627,6.377709732989181,6.4391030734794175,0.9601481004285305,0.9577169351666828,0.9629242142851818,0.9603050370772767,178.21713867356766,189.46335387848586,165.88184409992533,177.8664914456838
3,122.9047633744856,144.19894290123457,123.16580161179698,7.5002678725241925,7.868687034453218,7.312548664944543,7.84749813435506,0.9536076450615714,0.9500027126773624,0.9574897257232924,0.9490594283756938,248.76294315247196,268.52742413042904,228.10474504739017,273.59497605757343
3,132.38135373799724,153.02436042524005,134.24353137860084,5.4262394487513985,5.692466418375206,5.575585701981473,5.754233115905625,0.9652713679745323,0.9630822977128368,0.965764223798831,0.9616455936976162,156.57774849268742,166.75270605024,154.40374763136424,173.24179029451497
3,132.38135373799724,153.02436042524005,134.24353137860084,5.4262394487513985,5.692466418375206,5.575585701981473,5.754233115905625,0.9652713679745323,0.9630822977128368,0.965764223798831,0.9616455936976162,156.57774849268742,166.75270605024,154.40374763136424,173.24179029451497
3,125.75729852537722,146.42297067901234,130.29763203017833,5.9962937123172875,6.264749830710588,6.301529715762643,6.369462659444384,0.9667701585239317,0.9647730849026305,0.9656232784061228,0.9639370901028111,168.18190267011906,178.60039161290078,174.03636864773313,182.83870023218705
3,125.75729852537722,146.42297067901234,130.29763203017833,5.9962937123172875,6.264749830710588,6.301529715762643,6.369462659444384,0.9667701585239317,0.9647730849026305,0.9656232784061228,0.9639370901028111,168.18190267011906,178.60039161290078,174.03636864773313,182.83870023218705
3,141.9447033607682,158.8803163580247,145.48244770233197,4.880482342808073,5.300747294814157,5.170741602067355,5.3058985503247165,0.9790967915086936,0.9757217240718434,0.9778036861974152,0.975722409741465,152.09503014643053,176.93066879951013,161.53990783807436,176.92630007879126
3,123.15765089163237,152.3475600137174,130.8148268175583,7.013952627046161,7.2557973217626905,6.611881136951322,6.959596675005394,0.956499556726144,0.9542015231989394,0.9604597613290787,0.9559635722556423,256.68731007753655,270.5886129959796,233.4194039621233,260.17877551446065
3,123.15765089163237,152.3475600137174,130.8148268175583,7.013952627046161,7.2557973217626905,6.611881136951322,6.959596675005394,0.956499556726144,0.9542015231989394,0.9604597613290787,0.9559635722556423,256.68731007753655,270.5886129959796,233.4194039621233,260.17877551446065
3,127.61518175582991,151.09900548696845,134.17556755829904,6.656537467700757,6.929987320518785,6.40440740740783,6.617147876619437,0.9564656033616306,0.9529318560419388,0.9576600768886218,0.9565116811703738,242.50427045652035,262.5509260858951,235.69384237727812,242.583398688543
3,166.04325703017832,182.92507973251028,163.9495010288066,5.52883462532313,5.82946614889301,5.647619293712448,5.805440776109417,0.9722291868714898,0.9702319445260127,0.9723374869683927,0.969968752105547,179.87236089578576,193.06678321196733,179.1687372954386,194.7729059852848
3,127.61518175582991,151.09900548696845,134.17556755829904,6.656537467700757,6.929987320518785,6.40440740740783,6.617147876619437,0.9564656033616306,0.9529318560419388,0.9576600768886218,0.9565116811703738,242.50427045652035,262.5509260858951,235.69384237727812,242.583398688543
3,135.50005829903978,158.32834104938271,146.27695130315502,5.750017226529247,6.021124984453601,6.0408794142982885,6.149465008776184,0.9610758893157343,0.9595363261082259,0.9599574472334539,0.9565401035642245,183.35369681310553,190.96164024821576,188.67161843239515,205.10139180637867
3,135.50005829903978,158.32834104938271,146.27695130315502,5.750017226529247,6.021124984453601,6.0408794142982885,6.149465008776184,0.9610758893157343,0.9595363261082259,0.9599574472334539,0.9565401035642245,183.35369681310553,190.96164024821576,188.67161843239515,205.10139180637867
3,138.77780092592593,163.9369761659808,145.0032896090535,5.242838070629082,5.544731450643865,5.122026701120063,5.249694241373667,0.9649471287133053,0.9626783862313562,0.96613212623481,0.9628223018038647,143.56810594315874,153.12190527357166,138.6577562446234,152.53131521124655
3,138.77780092592593,163.9369761659808,145.0032896090535,5.242838070629082,5.544731450643865,5.122026701120063,5.249694241373667,0.9649471287133053,0.9626783862313562,0.96613212623481,0.9628223018038647,143.56810594315874,153.12190527357166,138.6577562446234,152.53131521124655
3,134.9918038408779,157.4947599451303,144.52222650891633,5.592767441860764,5.8194547131748875,5.700261843238878,6.10265975456462,0.9610939078448087,0.9599252203216498,0.9655490334529888,0.957517997426853,198.44478811370567,204.86026744380487,176.46661670974,217.16316714115638
3,134.9918038408779,157.4947599451303,144.52222650891633,5.592767441860764,5.8194547131748875,5.700261843238878,6.10265975456462,0.9610939078448087,0.9599252203216498,0.9655490334529888,0.957517997426853,198.44478811370567,204.86026744380487,176.46661670974,217.16316714115638
3,135.4928806584362,159.0032973251029,136.38818501371742,6.292434108527456,6.548206216056242,6.091360034453417,6.446556155940979,0.9541200988351872,0.9529237431600468,0.9617639320554013,0.954264939355969,202.36636520242297,208.08892566439297,169.14716365203157,202.1599031246267
3,135.4928806584362,159.0032973251029,136.38818501371742,6.292434108527456,6.548206216056242,6.091360034453417,6.446556155940979,0.9541200988351872,0.9529237431600468,0.9617639320554013,0.954264939355969,202.36636520242297,208.08892566439297,169.14716365203157,202.1599031246267
3,166.04325703017832,182.92507973251028,163.9495010288066,5.52883462532313,5.82946614889301,5.647619293712448,5.805440776109417,0.9722291868714898,0.9702319445260127,0.9723374869683927,0.969968752105547,179.87236089578576,193.06678321196733,179.1687372954386,194.7729059852848
3,135.61827160493826,151.13521347736625,125.39607167352538,5.060664082687989,5.381084078440683,5.196312661499323,5.336601380578639,0.9689550997622713,0.9662283066611461,0.9693709013066891,0.9668391413875481,127.68421791560513,139.19174348061992,126.3002609819249,136.6744905750482
3,119.11251457475994,141.2478120713306,128.50416066529493,6.549418604651392,6.751098658117749,6.651683031869302,6.817699624107804,0.9665521734347352,0.9655460575829913,0.9682701663563366,0.9656923031763116,210.59518432386594,217.3351650060365,199.81072006891753,216.41335370574734
3,119.11251457475994,141.2478120713306,128.50416066529493,6.549418604651392,6.751098658117749,6.651683031869302,6.817699624107804,0.9665521734347352,0.9655460575829913,0.9682701663563366,0.9656923031763116,210.59518432386594,217.3351650060365,199.81072006891753,216.41335370574734
3,117.6451225994513,133.22875171467763,116.6149151234568,4.710543496985864,4.982902564918013,4.909782945736922,4.983147862799519,0.968202543664818,0.9671092255711882,0.969144449759001,0.9653884765913076,104.0580835486781,107.83619715731726,101.15573471146409,113.47762693302691
3,117.6451225994513,133.22875171467763,116.6149151234568,4.710543496985864,4.982902564918013,4.909782945736922,4.983147862799519,0.968202543664818,0.9671092255711882,0.969144449759001,0.9653884765913076,104.0580835486781,107.83619715731726,101.15573471146409,113.47762693302691
3,143.21795781893005,164.35412808641976,151.89379458161866,5.079416020672177,5.532328360581622,5.349807924203667,5.564782825003047,0.9545400099815304,0.9451090907243092,0.9469492192365655,0.9444921955782041,186.33214470285657,225.46331673831816,217.6798458225822,227.99713761558743
3,143.21795781893005,164.35412808641976,151.89379458161866,5.079416020672177,5.532328360581622,5.349807924203667,5.564782825003047,0.9545400099815304,0.9451090907243092,0.9469492192365655,0.9444921955782041,186.33214470285657,225.46331673831816,217.6798458225822,227.99713761558743
3,135.94821073388204,157.54388803155007,136.37280349794239,5.383669250646373,5.654656859358555,5.559366063738488,5.652878449717883,0.9601173354799368,0.9579564814068803,0.9617774557274208,0.9588056312021322,135.8098776916509,143.46129475823997,130.2292833764046,140.56369194042205
3,135.94821073388204,157.54388803155007,136.37280349794239,5.383669250646373,5.654656859358555,5.559366063738488,5.652878449717883,0.9601173354799368,0.9579564814068803,0.9617774557274208,0.9588056312021322,135.8098776916509,143.46129475823997,130.2292833764046,140.56369194042205
4,133.7567481138546,153.60671724965707,138.6078129286694,6.645714039621771,7.27268314423617,7.024571920759196,7.286022512127746,0.9484161243345718,0.9366709387924205,0.9385902210403521,0.9345573706990014,265.13848578814276,326.2441681292736,316.300658053454,337.12829770183595
4,136.58908093278464,145.4077914951989,115.1403420781893,5.728038759690437,6.004573423530456,5.759517657192756,6.018806746729369,0.972996176653952,0.9705032954766447,0.9726013242565351,0.969630170797588,172.8989500430824,189.0219878456872,175.28330404825482,194.61679634059746
4,136.96899862825788,154.80966735253773,126.77809413580248,7.174788975022231,7.826235817637414,7.174680447890506,7.413563590885423,0.9460038374635236,0.9360949018282055,0.9455992640981681,0.9427687504478186,277.77615676143546,329.2031843811204,280.1066752799607,294.82331124503963
4,136.96899862825788,154.80966735253773,126.77809413580248,7.174788975022231,7.826235817637414,7.174680447890506,7.413563590885423,0.9460038374635236,0.9360949018282055,0.9455992640981681,0.9427687504478186,277.77615676143546,329.2031843811204,280.1066752799607,294.82331124503963
4,140.4038803155007,146.52720164609053,100.61210819615913,6.481287683033121,6.80258443775098,6.528530577090046,6.729718011084575,0.9490744186824454,0.943607530104564,0.9486619790607855,0.9459480319922865,181.86460895783142,201.70998794242527,183.62621188634665,193.33442565749328
4,140.4038803155007,146.52720164609053,100.61210819615913,6.481287683033121,6.80258443775098,6.528530577090046,6.729718011084575,0.9490744186824454,0.943607530104564,0.9486619790607855,0.9459480319922865,181.86460895783142,201.70998794242527,183.62621188634665,193.33442565749328
4,135.16697359396434,149.00575445816187,103.49047410836762,6.378870801033793,6.568537437293881,6.233684754522123,6.598418865134885,0.9533375935144717,0.9503349535672295,0.9553256916345081,0.9506497822229274,178.31143238587683,189.92268366247677,170.73316968131192,188.7189344052798
4,135.16697359396434,149.00575445816187,103.49047410836762,6.378870801033793,6.568537437293881,6.233684754522123,6.598418865134885,0.9533375935144717,0.9503349535672295,0.9553256916345081,0.9506497822229274,178.31143238587683,189.92268366247677,170.73316968131192,188.7189344052798
4,118.00633916323731,150.4483650548697,124.60765432098765,8.148524547804012,8.494803830793348,8.225228251507758,8.524151476624624,0.9449623715058382,0.9409701835475145,0.9437886245481887,0.9398137764336448,247.0560594315379,265.14113265434383,252.4864272179293,270.3343997457338
4,155.67831618655694,162.5073096707819,137.57960905349793,5.568645133505878,5.879564786280488,5.529866494401773,5.8224820690709524,0.97010947900479,0.9667078416377749,0.9711974071388223,0.9684406546944077,162.11773729544072,180.81076391289403,156.22968733851107,171.39975262919148
4,155.67831618655694,162.5073096707819,137.57960905349793,5.568645133505878,5.879564786280488,5.529866494401773,5.8224820690709524,0.97010947900479,0.9667078416377749,0.9711974071388223,0.9684406546944077,162.11773729544072,180.81076391289403,156.22968733851107,171.39975262919148
4,133.7567481138546,153.60671724965707,138.6078129286694,6.645714039621771,7.27268314423617,7.024571920759196,7.286022512127746,0.9484161243345718,0.9366709387924205,0.9385902210403521,0.9345573706990014,265.13848578814276,326.2441681292736,316.300658053454,337.12829770183595
4,133.03424982853224,151.91840192043895,136.01622256515776,6.40677088716652,6.611508616520496,6.107199827735001,6.376499426487228,0.9606003919615124,0.9579525581081395,0.9642212505501344,0.9617810097651509,218.1650241171501,232.87771900611042,197.99549440138853,211.67263443016537
4,133.03424982853224,151.91840192043895,136.01622256515776,6.40677088716652,6.611508616520496,6.107199827735001,6.376499426487228,0.9606003919615124,0.9579525581081395,0.9642212505501344,0.9617810097651509,218.1650241171501,232.87771900611042,197.99549440138853,211.67263443016537
4,139.17842163923183,152.77866255144033,114.41071416323732,5.103072351421307,5.279347645831658,5.052350559862324,5.39009963930884,0.9661303359678342,0.9632383483200198,0.96628053388695,0.9629476652013592,162.58292075796956,176.69390797530036,161.92047803617845,178.09086213569265
4,139.17842163923183,152.77866255144033,114.41071416323732,5.103072351421307,5.279347645831658,5.052350559862324,5.39009963930884,0.9661303359678342,0.9632383483200198,0.96628053388695,0.9629476652013592,162.58292075796956,176.69390797530036,161.92047803617845,178.09086213569265
4,147.52611282578874,173.9935013717421,160.99702074759946,5.8970310077521235,6.350814838104221,5.89648664944036,6.037306871105732,0.9755400786343448,0.9715099689908827,0.9760002762388458,0.9752118877708646,208.21018346253607,242.7023336120509,204.25440051680158,211.1655251102366
4,133.43022033607681,160.49870713305899,136.4837371399177,6.485144702842517,6.944710375755198,6.736528854435958,6.951857699589882,0.9541827397561274,0.9516664408874151,0.953751226770286,0.9493838294366705,205.5430861326487,217.1017044747961,207.5223376399664,227.35322376695595
4,143.21784293552813,168.7777031893004,165.58894975994514,6.800378122308701,6.872668806401907,6.49662187769183,6.892564710272834,0.9403683496933596,0.941677011757179,0.9511642205922024,0.9411770579373798,251.3832136089655,246.34760523626622,206.70406718347067,248.46228631447164
4,143.21784293552813,168.7777031893004,165.58894975994514,6.800378122308701,6.872668806401907,6.49662187769183,6.892564710272834,0.9403683496933596,0.941677011757179,0.9511642205922024,0.9411770579373798,251.3832136089655,246.34760523626622,206.70406718347067,248.46228631447164
4,123.58508573388202,147.00716820987654,125.25875600137174,6.640565030146966,6.850920212546047,6.488944875108156,6.788707832949298,0.9520201536354228,0.9495829989868378,0.953843343685103,0.9496399938030753,170.48587769165582,179.41914411769937,164.0273669250754,179.2162292187922
4,123.58508573388202,147.00716820987654,125.25875600137174,6.640565030146966,6.850920212546047,6.488944875108156,6.788707832949298,0.9520201536354228,0.9495829989868378,0.953843343685103,0.9496399938030753,170.48587769165582,179.41914411769937,164.0273669250754,179.2162292187922
4,190.74411093964335,189.66446244855968,143.44475394375857,9.103770887166856,9.442076014704739,9.148300602929043,9.452162594492345,0.9026715712108218,0.8959415900540846,0.8994430999292515,0.8954967378127008,342.99863393627334,367.20486087121105,354.8842385874431,368.77341299183263
4,112.27573645404664,137.19945301783264,126.61133916323732,7.137577950043462,7.49590508008515,7.084427217915922,7.320968822985365,0.9577131338386644,0.9540251058771828,0.9582495841246714,0.9554830103063106,207.35847372954976,225.83975224915676,204.79699741603127,218.67823827753895
4,112.27573645404664,137.19945301783264,126.61133916323732,7.137577950043462,7.49590508008515,7.084427217915922,7.320968822985365,0.9577131338386644,0.9540251058771828,0.9582495841246714,0.9554830103063106,207.35847372954976,225.83975224915676,204.79699741603127,218.67823827753895
4,109.82693930041152,134.07560185185184,134.92271776406037,6.541076658053702,6.762483416481948,6.338136950904675,6.594186612955118,0.9686293445750629,0.967197215971352,0.9709314991518778,0.9678395081219637,184.33322480620816,193.0870211509109,170.82492592593405,189.30608425119817
4,109.82693930041152,134.07560185185184,134.92271776406037,6.541076658053702,6.762483416481948,6.338136950904675,6.594186612955118,0.9686293445750629,0.967197215971352,0.9709314991518778,0.9678395081219637,184.33322480620816,193.0870211509109,170.82492592593405,189.30608425119817
4,114.71578360768176,137.02264574759946,131.37329989711935,7.018613264427663,7.302257949724899,7.091868217054839,7.186744240682837,0.9570206005628064,0.9549108508536689,0.955883850082212,0.9541996379634399,190.73867355728945,200.4477645071392,195.82174935401704,203.6095756001303
4,121.65673782578875,144.75116683813442,128.5629603909465,5.96078380706299,6.103236722820895,5.608776055125042,5.896057613908663,0.9667464178990139,0.9662563462388182,0.9694582409176912,0.9660804460760786,181.32006029285355,184.22922136925928,166.46408871662544,185.18955480163476
4,121.65673782578875,144.75116683813442,128.5629603909465,5.96078380706299,6.103236722820895,5.608776055125042,5.896057613908663,0.9667464178990139,0.9662563462388182,0.9694582409176912,0.9660804460760786,181.32006029285355,184.22922136925928,166.46408871662544,185.18955480163476
4,127.52847479423869,146.59502743484225,133.14008316186556,6.850955211025136,7.026581998591242,6.580217054263824,6.865534438441413,0.9562461679410599,0.9551345105495446,0.9585321001068872,0.9555521702036605,233.18806115418906,239.47873163723034,220.9746770025944,237.24955518168022
4,127.52847479423869,146.59502743484225,133.14008316186556,6.850955211025136,7.026581998591242,6.580217054263824,6.865534438441413,0.9562461679410599,0.9551345105495446,0.9585321001068872,0.9555521702036605,233.18806115418906,239.47873163723034,220.9746770025944,237.24955518168022
4,127.11261059670782,145.919045781893,130.79170267489712,7.287608096469019,7.478394784484302,7.105715762274405,7.359667154960119,0.9539474966943283,0.9517140411031484,0.9552509312055302,0.9526475019831302,241.10452799312796,253.12128598280657,234.23832902671867,248.22781436135253
4,190.74411093964335,189.66446244855968,143.44475394375857,9.103770887166856,9.442076014704739,9.148300602929043,9.452162594492345,0.9026715712108218,0.8959415900540846,0.8994430999292515,0.8954967378127008,342.99863393627334,367.20486087121105,354.8842385874431,368.77341299183263
4,127.11261059670782,145.919045781893,130.79170267489712,7.287608096469019,7.478394784484302,7.105715762274405,7.359667154960119,0.9539474966943283,0.9517140411031484,0.9552509312055302,0.9526475019831302,241.10452799312796,253.12128598280657,234.23832902671867,248.22781436135253
4,125.53857596021948,135.70049554183814,110.72418209876543,5.577739018088099,5.802599121074068,5.530315245478309,5.797948826025638,0.9651306035911686,0.9631024240530588,0.9666171104335475,0.9625702883850527,188.06992678726152,199.18275037659902,179.88415331611367,202.05544423102415
4,125.53857596021948,135.70049554183814,110.72418209876543,5.577739018088099,5.802599121074068,5.530315245478309,5.797948826025638,0.9651306035911686,0.9631024240530588,0.9666171104335475,0.9625702883850527,188.06992678726152,199.18275037659902,179.88415331611367,202.05544423102415
4,166.60612568587106,177.4070816186557,156.43686985596707,8.13826270456597,8.372046060724177,7.912688199828537,8.193880336093402,0.9419759644918322,0.9402385403997556,0.9453826204731601,0.9410621194932902,308.76130490958667,318.52843036997905,290.7659043927936,314.136767388532
4,166.60612568587106,177.4070816186557,156.43686985596707,8.13826270456597,8.372046060724177,7.912688199828537,8.193880336093402,0.9419759644918322,0.9402385403997556,0.9453826204731601,0.9410621194932902,308.76130490958667,318.52843036997905,290.7659043927936,314.136767388532
4,136.58908093278464,145.4077914951989,115.1403420781893,5.728038759690437,6.004573423530456,5.759517657192756,6.018806746729369,0.972996176653952,0.9705032954766447,0.9726013242565351,0.969630170797588,172.8989500430824,189.0219878456872,175.28330404825482,194.61679634059746
5,121.2342566872428,142.16662294238682,126.87375943072702,11.12308785529775,11.257654330372246,11.104707149010046,11.25993542792475,0.9136328318816066,0.9114523245609759,0.9128646808745747,0.9111204718893093,397.48713436694425,408.1704284766964,401.2099664082818,409.7005405190912
5,121.95763288751715,140.72643347050754,123.74237139917696,10.14677519379925,10.319627458162158,10.164278208442004,10.283067709126154,0.9267736464443878,0.9252577687728656,0.9288248082849432,0.9264581463736983,337.9404547803807,345.2581457898891,328.4699784668695,339.7124892898379
5,121.85798096707819,136.90490912208506,125.20938957475994,6.105397932816773,6.371976962729247,6.22317743324749,6.389368928014332,0.9676453685265577,0.9663567159807118,0.9695385128894081,0.9662517990117685,161.10684668389825,167.72938806817345,151.62569078381188,168.2518708282212
5,121.85798096707819,136.90490912208506,125.20938957475994,6.105397932816773,6.371976962729247,6.22317743324749,6.389368928014332,0.9676453685265577,0.9663567159807118,0.9695385128894081,0.9662517990117685,161.10684668389825,167.72938806817345,151.62569078381188,168.2518708282212
5,162.91243741426612,177.1203335048011,157.83195044581618,6.220704565030137,6.407707535827888,6.162083548664942,6.307767651083238,0.9648149438882999,0.962209519256429,0.9645158337898657,0.9630855074649984,188.78835658914167,203.03855149874877,190.33838156761297,198.33181893562906
5,162.91243741426612,177.1203335048011,157.83195044581618,6.220704565030137,6.407707535827888,6.162083548664942,6.307767651083238,0.9648149438882999,0.962209519256429,0.9645158337898657,0.9630855074649984,188.78835658914167,203.03855149874877,190.33838156761297,198.33181893562906
5,134.405997085048,157.3620018861454,134.0586651234568,8.878528854436242,8.977474053703844,8.697014642549929,8.894514137450566,0.936415225301195,0.9354865257178971,0.9389570915127625,0.9357594251019214,298.7139586563389,303.4969821450991,286.81280964686675,302.21285205430587
5,134.405997085048,157.3620018861454,134.0586651234568,8.878528854436242,8.977474053703844,8.697014642549929,8.894514137450566,0.936415225301195,0.9354865257178971,0.9389570915127625,0.9357594251019214,298.7139586563389,303.4969821450991,286.81280964686675,302.21285205430587
5,146.2685931069959,158.72407064471878,138.24977880658437,7.05354435831202,7.05943895883183,6.90597416020702,7.131235230304116,0.9266366883696382,0.9276067728862021,0.9290791885428684,0.924438603648422,214.58396985357933,212.1629771216624,207.43889061154704,221.44788715607388
5,135.28014231824417,144.3096536351166,131.74777091906722,8.342037898363742,8.581715288622906,8.526894056847771,8.606663983361708,0.9337317311889404,0.9301444794288503,0.9297972094894537,0.9288075599513811,307.4734556416911,324.7505147800753,325.7756864771783,330.96607547575724
5,127.97523062414267,146.48228995198903,125.51058470507544,10.893283376400538,11.000825721038513,10.722335055986981,10.925574549827624,0.8929954047358677,0.8916561361187072,0.8966695235419404,0.8933389034976578,432.07736950907514,437.75187255568835,416.67270887169065,430.95303927532683
5,121.2342566872428,142.16662294238682,126.87375943072702,11.12308785529775,11.257654330372246,11.104707149010046,11.25993542792475,0.9136328318816066,0.9114523245609759,0.9128646808745747,0.9111204718893093,397.48713436694425,408.1704284766964,401.2099664082818,409.7005405190912
5,127.97523062414267,146.48228995198903,125.51058470507544,10.893283376400538,11.000825721038513,10.722335055986981,10.925574549827624,0.8929954047358677,0.8916561361187072,0.8966695235419404,0.8933389034976578,432.07736950907514,437.75187255568835,416.67270887169065,430.95303927532683
5,124.76957733196159,137.89972307956106,133.4715500685871,8.097716623600622,8.203988509004116,7.973808785529905,8.155811659596433,0.9460211705150897,0.9453723139730172,0.9469404297862657,0.9446140045130893,296.9269862187853,300.92984912454864,291.84864254953527,305.10740333192814
5,124.76957733196159,137.89972307956106,133.4715500685871,8.097716623600622,8.203988509004116,7.973808785529905,8.155811659596433,0.9460211705150897,0.9453723139730172,0.9469404297862657,0.9446140045130893,296.9269862187853,300.92984912454864,291.84864254953527,305.10740333192814
5,137.84579646776405,156.52606481481482,139.13283950617284,8.001486649440478,8.142908472796483,7.841732127476581,8.019539185473255,0.9069618552144604,0.9043823509518172,0.9100714911044719,0.9068685431743547,261.74999310939666,269.304654786427,252.8135891472935,262.302053246928
5,117.0716426611797,138.02862911522635,129.72092592592594,6.85058570198138,6.956237648734134,6.763837209302669,6.8329866917268225,0.9611364008348726,0.9595701846356147,0.9607821407001551,0.9603878510652936,218.39236692507365,227.4216040063203,220.20322739019215,222.82232487115226
5,117.0716426611797,138.02862911522635,129.72092592592594,6.85058570198138,6.956237648734134,6.763837209302669,6.8329866917268225,0.9611364008348726,0.9595701846356147,0.9607821407001551,0.9603878510652936,218.39236692507365,227.4216040063203,220.20322739019215,222.82232487115226
5,121.46331447187929,138.78682784636487,126.65973165294925,6.964807062876994,7.123897023258903,6.8951748492681215,7.0150659540367215,0.9611619404758319,0.9600976179550202,0.9616743784635547,0.959780002301079,217.12927217916305,223.29174814473237,214.14424461672007,225.06931824465227
5,121.46331447187929,138.78682784636487,126.65973165294925,6.964807062876994,7.123897023258903,6.8951748492681215,7.0150659540367215,0.9611619404758319,0.9600976179550202,0.9616743784635547,0.959780002301079,217.12927217916305,223.29174814473237,214.14424461672007,225.06931824465227
5,112.42850137174212,143.56096021947874,149.3375840192044,7.614590869940193,7.884516521331385,7.6625116279075,7.657518380067451,0.9321210533516261,0.9287734494467762,0.9334450688550235,0.9338801278216249,267.27214987081635,280.80075593208517,261.95855813955177,260.6681750183316
5,112.42850137174212,143.56096021947874,149.3375840192044,7.614590869940193,7.884516521331385,7.6625116279075,7.657518380067451,0.9321210533516261,0.9287734494467762,0.9334450688550235,0.9338801278216249,267.27214987081635,280.80075593208517,261.95855813955177,260.6681750183316
5,127.86963477366255,143.9133916323731,130.5491546639232,10.561399655470266,10.626720540070927,10.549720930233303,10.746537326737824,0.889322351983965,0.8898091903264606,0.8906061216507615,0.8866972314255495,413.80848320416146,412.5941356532152,409.2059190353407,424.24616592504873
5,138.85192472565157,166.1420910493827,164.74543724279835,6.213227390180884,6.449933320435722,6.243751076658014,6.442579566341646,0.9685634386599762,0.9673091848186179,0.9694041948032408,0.9662827103796701,200.55215590008655,208.76055990106838,195.21741343669402,215.31510413069807
5,123.40903635116598,147.64281121399176,119.2297719478738,9.34873298880345,9.593689971117831,8.959548664944654,9.549753147414446,0.9244758398069214,0.9214926317365998,0.930652613681142,0.9213865233523981,355.57740999140896,370.03126684265993,327.02854952628826,370.5311174182499
5,123.40903635116598,147.64281121399176,119.2297719478738,9.34873298880345,9.593689971117831,8.959548664944654,9.549753147414446,0.9244758398069214,0.9214926317365998,0.930652613681142,0.9213865233523981,355.57740999140896,370.03126684265993,327.02854952628826,370.5311174182499
5,123.03924639917696,151.34240483539094,147.29782235939643,8.618236864772033,8.693204039469745,8.403202411714426,8.779139488123146,0.9523588356638619,0.9525948895112992,0.9559059155039836,0.9519705253861915,345.90210594315374,344.48960852534645,320.25755038760536,349.02642566441193
5,123.03924639917696,151.34240483539094,147.29782235939643,8.618236864772033,8.693204039469745,8.403202411714426,8.779139488123146,0.9523588356638619,0.9525948895112992,0.9559059155039836,0.9519705253861915,345.90210594315374,344.48960852534645,320.25755038760536,349.02642566441193
5,126.42590449245542,144.27050325788753,123.67256944444445,9.410691645134161,9.55340497643846,9.592747631352966,9.699929865536344,0.930609732448278,0.9297341503566211,0.9303564453095894,0.9290978046817665,317.76397674419945,322.1517469700761,318.9056158484179,325.06825672671727
5,126.42590449245542,144.27050325788753,123.67256944444445,9.410691645134161,9.55340497643846,9.592747631352966,9.699929865536344,0.930609732448278,0.9297341503566211,0.9303564453095894,0.9290978046817665,317.76397674419945,322.1517469700761,318.9056158484179,325.06825672671727
5,127.4534456447188,148.45787722908094,131.91635288065842,4.764280792420478,5.131010661820878,4.963779500430763,5.0128332250800804,0.9583029901710044,0.9537688093423241,0.9575148052145608,0.9554015100010592,107.10285271318112,118.82881230912204,109.06300258398025,114.63240557759525
5,127.4534456447188,148.45787722908094,131.91635288065842,4.764280792420478,5.131010661820878,4.963779500430763,5.0128332250800804,0.9583029901710044,0.9537688093423241,0.9575148052145608,0.9554015100010592,107.10285271318112,118.82881230912204,109.06300258398025,114.63240557759525
5,115.66445816186557,136.15778549382716,115.05743227023319,10.384959517658208,10.598805813906385,10.569300602929628,10.653420005252471,0.9108993529160893,0.9087602052346894,0.909488805893579,0.9081261205889688,360.87521274766027,370.07092477304644,367.09602583982996,372.643481986184
5,127.86963477366255,143.9133916323731,130.5491546639232,10.561399655470266,10.626720540070927,10.549720930233303,10.746537326737824,0.889322351983965,0.8898091903264606,0.8906061216507615,0.8866972314255495,413.80848320416146,412.5941356532152,409.2059190353407,424.24616592504873
5,115.66445816186557,136.15778549382716,115.05743227023319,10.384959517658208,10.598805813906385,10.569300602929628,10.653420005252471,0.9108993529160893,0.9087602052346894,0.909488805893579,0.9081261205889688,360.87521274766027,370.07092477304644,367.09602583982996,372.643481986184
5,131.8827280521262,146.73747170781894,135.47388203017832,9.08630232558197,9.275573167867517,9.185212747631915,9.311804701428397,0.9276589717956242,0.9270223228557659,0.928736831463114,0.92672412054753,316.99037467701606,320.2229239507692,312.19318001724014,321.53132557595296
5,131.8827280521262,146.73747170781894,135.47388203017832,9.08630232558197,9.275573167867517,9.185212747631915,9.311804701428397,0.9276589717956242,0.9270223228557659,0.928736831463114,0.92672412054753,316.99037467701606,320.2229239507692,312.19318001724014,321.53132557595296
5,147.6903172153635,164.77873628257888,154.58101508916323,6.130293712317127,6.355206879396845,6.231901808785778,6.3960567501836225,0.9674148229314551,0.9663051528853517,0.968659618918327,0.9662722639161546,188.52190956072923,195.2454930833028,181.28964513351102,195.43594184022584
5,147.6903172153635,164.77873628257888,154.58101508916323,6.130293712317127,6.355206879396845,6.231901808785778,6.3960567501836225,0.9674148229314551,0.9663051528853517,0.968659618918327,0.9662722639161546,188.52190956072923,195.2454930833028,181.28964513351102,195.43594184022584
5,121.95763288751715,140.72643347050754,123.74237139917696,10.14677519379925,10.319627458162158,10.164278208442004,10.283067709126154,0.9267736464443878,0.9252577687728656,0.9288248082849432,0.9264581463736983,337.9404547803807,345.2581457898891,328.4699784668695,339.7124892898379
